,Afghanistan,Albania,Algeria,Andorra,Angola,Antigua and Barbuda,Argentina,Armenia,Aruba,Australia,Austria,Azerbaijan,Bahrain,Bangladesh,Barbados,Belarus,Belgium,Belize,Benin,Bermuda,Bhutan,Bolivia,Bosnia and Herzegovina,Botswana,Brazil,British Virgin Islands,Bulgaria,Burkina Faso,Burundi,Cambodia,Cameroon,Canada,Cayman Islands,Central African Republic,Chad,Chile,China,Colombia,Costa Rica,Cote d'Ivoire,Croatia,Cuba,Curacao,Cyprus,Czech Republic,Denmark,Djibouti,Dominica,Dominican Republic,Ecuador,El Salvador,Equatorial Guinea,Eritrea,Estonia,Ethiopia,Fiji,Finland,France,French Polynesia,Gabon,Georgia,Germany,Ghana,Gibraltar,Greece,Greenland,Grenada,Guam,Guatemala,Guinea,Guinea-Bissau,Guyana,Haiti,Honduras,Hungary,Iceland,India,Indonesia,Iraq,Ireland,Isle of Man,Israel,Italy,Jamaica,Japan,Jordan,Kazakhstan,Kenya,Kosovo,Kuwait,Latvia,Lebanon,Liberia,Libya,Liechtenstein,Lithuania,Luxembourg,Madagascar,Malawi,Malaysia,Maldives,Mali,Malta,Mauritania,Mauritius,Mexico,Moldova,Monaco,Mongolia,Montenegro,Morocco,Mozambique,Myanmar,Namibia,Nepal,Netherlands,New Caledonia,New Zealand,Nicaragua,Niger,Nigeria,Northern Mariana Islands,Norway,Oman,Pakistan,Panama,Papua New Guinea,Paraguay,Peru,Philippines,Poland,Portugal,Puerto Rico,Qatar,Romania,Rwanda,San Marino,Sao Tome and Principe,Saudi Arabia,Senegal,Serbia,Seychelles,Sierra Leone,Singapore,Sint Maarten (Dutch part),Slovenia,Somalia,South Africa,South Sudan,Spain,Sri Lanka,Sudan,Suriname,Sweden,Switzerland,Tanzania,Thailand,Togo,Trinidad and Tobago,Tunisia,Turkey,Turks and Caicos Islands,Uganda,Ukraine,United Arab Emirates,United Kingdom,United States,Uruguay,Uzbekistan,Vietnam,Zambia,Zimbabwe
0,1.0,2.0,1.0,1.0,2.0,1.0,1.0,1.0,2.0,1.0,2.0,1.0,1.0,3.0,1.0,1.0,1.0,1.0,1.0,2.0,1.0,2.0,2.0,3.0,1.0,2.0,2.0,2.0,2.0,1.0,1.0,1.0,1.0,1.0,1.0,1.0,27,1.0,1.0,1.0,1.0,3.0,1.0,2.0,3.0,1.0,1.0,1.0,1.0,1.0,1.0,1.0,1.0,1.0,1.0,1.0,1.0,3.0,3.0,1.0,1.0,1.0,2.0,10.0,1.0,2.0,1.0,3.0,1.0,1.0,2.0,1.0,2.0,2.0,2.0,1.0,1.0,2.0,1.0,1.0,1.0,1.0,3.0,2.0,1.0,1.0,6.0,1.0,2.0,3.0,1.0,1.0,1.0,1.0,1.0,1.0,1.0,3.0,3.0,3.0,2.0,2.0,3.0,1.0,3.0,2.0,1.0,1.0,1.0,2.0,1.0,1.0,2.0,2.0,1.0,1.0,2.0,1.0,1.0,1.0,1.0,2.0,1.0,2.0,2.0,1.0,1.0,1.0,1.0,1.0,1.0,2.0,64.0,1.0,1.0,1.0,1.0,4.0,1.0,1.0,1.0,2.0,1.0,3.0,1.0,1.0,1.0,1.0,1.0,1.0,1.0,1.0,1.0,1.0,1.0,1.0,1.0,1.0,1.0,1.0,1.0,1.0,1.0,1.0,1.0,2.0,1.0,6.0,6.0,2.0,2.0,1.0
1,1.0,6.0,1.0,2.0,2.0,1.0,2.0,1.0,4.0,4.0,2.0,1.0,2.0,3.0,1.0,1.0,1.0,1.0,1.0,2.0,1.0,3.0,3.0,4.0,1.0,2.0,4.0,2.0,2.0,1.0,2.0,1.0,3.0,1.0,1.0,3.0,27,3.0,5.0,4.0,2.0,4.0,3.0,6.0,5.0,1.0,1.0,1.0,2.0,6.0,1.0,1.0,1.0,1.0,1.0,1.0,1.0,3.0,3.0,1.0,1.0,4.0,2.0,10.0,3.0,2.0,1.0,12.0,1.0,1.0,2.0,4.0,2.0,3.0,4.0,1.0,1.0,4.0,5.0,1.0,2.0,1.0,3.0,6.0,1.0,1.0,9.0,1.0,2.0,5.0,2.0,1.0,2.0,1.0,3.0,1.0,1.0,3.0,3.0,4.0,4.0,4.0,4.0,1.0,12.0,4.0,3.0,1.0,1.0,8.0,2.0,1.0,3.0,2.0,1.0,2.0,4.0,1.0,1.0,1.0,1.0,6.0,4.0,4.0,2.0,7.0,1.0,5.0,7.0,1.0,5.0,4.0,100.0,3.0,1.0,5.0,1.0,4.0,5.0,3.0,5.0,3.0,1.0,3.0,2.0,6.0,1.0,2.0,1.0,1.0,1.0,1.0,1.0,1.0,1.0,1.0,1.0,1.0,2.0,2.0,2.0,1.0,1.0,3.0,1.0,2.0,1.0,8.0,8.0,2.0,2.0,2.0
2,1.0,10.0,1.0,5.0,2.0,1.0,8.0,4.0,12.0,4.0,5.0,3.0,23.0,5.0,2.0,1.0,1.0,2.0,1.0,2.0,1.0,10.0,3.0,4.0,1.0,2.0,7.0,3.0,3.0,1.0,3.0,2.0,3.0,1.0,2.0,4.0,27,9.0,9.0,4.0,3.0,4.0,6.0,14.0,5.0,2.0,1.0,2.0,5.0,7.0,3.0,1.0,1.0,1.0,4.0,2.0,1.0,3.0,15.0,1.0,2.0,4.0,2.0,10.0,4.0,2.0,1.0,14.0,6.0,1.0,2.0,4.0,2.0,6.0,7.0,3.0,1.0,6.0,5.0,2.0,2.0,2.0,3.0,8.0,1.0,1.0,11.0,3.0,19.0,11.0,3.0,1.0,2.0,1.0,4.0,1.0,3.0,3.0,4.0,4.0,6.0,4.0,6.0,1.0,14.0,5.0,4.0,1.0,4.0,13.0,5.0,1.0,3.0,2.0,1.0,7.0,5.0,1.0,1.0,1.0,1.0,6.0,6.0,4.0,2.0,14.0,1.0,6.0,9.0,1.0,6.0,5.0,127.0,8.0,3.0,5.0,1.0,4.0,7.0,4.0,18.0,4.0,2.0,4.0,2.0,9.0,1.0,3.0,1.0,1.0,1.0,1.0,5.0,1.0,8.0,3.0,1.0,1.0,2.0,5.0,18.0,2.0,9.0,3.0,1.0,2.0,1.0,29.0,16.0,2.0,2.0,2.0
3,1.0,11.0,1.0,14.0,2.0,1.0,9.0,6.0,17.0,4.0,7.0,6.0,33.0,8.0,6.0,1.0,1.0,2.0,2.0,6.0,1.0,10.0,18.0,4.0,1.0,2.0,23.0,3.0,3.0,1.0,4.0,3.0,3.0,1.0,2.0,5.0,44,16.0,13.0,5.0,5.0,7.0,6.0,21.0,8.0,3.0,1.0,7.0,11.0,10.0,3.0,1.0,1.0,1.0,5.0,3.0,1.0,3.0,17.0,1.0,3.0,5.0,6.0,15.0,7.0,2.0,1.0,15.0,6.0,1.0,2.0,4.0,2.0,8.0,8.0,6.0,2.0,19.0,6.0,6.0,13.0,2.0,3.0,10.0,1.0,15.0,33.0,3.0,19.0,26.0,6.0,1.0,2.0,1.0,4.0,1.0,5.0,17.0,4.0,4.0,8.0,9.0,9.0,1.0,28.0,7.0,6.0,3.0,5.0,14.0,6.0,5.0,5.0,2.0,1.0,13.0,7.0,1.0,1.0,2.0,1.0,8.0,15.0,6.0,4.0,27.0,1.0,7.0,11.0,2.0,11.0,9.0,174.0,11.0,3.0,7.0,8.0,4.0,11.0,6.0,24.0,4.0,2.0,4.0,3.0,12.0,1.0,7.0,2.0,1.0,1.0,1.0,5.0,1.0,12.0,3.0,1.0,1.0,4.0,7.0,47.0,2.0,9.0,5.0,4.0,2.0,1.0,50.0,23.0,2.0,2.0,2.0
4,1.0,23.0,3.0,14.0,2.0,1.0,12.0,13.0,19.0,4.0,10.0,9.0,33.0,10.0,14.0,4.0,1.0,2.0,2.0,6.0,1.0,11.0,21.0,4.0,2.0,3.0,31.0,20.0,3.0,1.0,4.0,3.0,3.0,1.0,2.0,10.0,44,34.0,22.0,5.0,5.0,11.0,7.0,30.0,12.0,4.0,1.0,11.0,11.0,13.0,3.0,3.0,4.0,2.0,5.0,4.0,1.0,4.0,18.0,1.0,3.0,7.0,6.0,15.0,7.0,4.0,7.0,27.0,8.0,1.0,2.0,5.0,5.0,9.0,9.0,16.0,2.0,34.0,7.0,13.0,23.0,2.0,3.0,10.0,1.0,16.0,37.0,4.0,21.0,43.0,8.0,1.0,2.0,1.0,4.0,3.0,7.0,19.0,5.0,7.0,9.0,18.0,12.0,1.0,36.0,11.0,8.0,7.0,5.0,14.0,7.0,7.0,5.0,2.0,1.0,18.0,9.0,2.0,2.0,7.0,2.0,8.0,19.0,6.0,4.0,36.0,1.0,8.0,17.0,2.0,17.0,13.0,239.0,12.0,3.0,11.0,10.0,4.0,15.0,19.0,41.0,6.0,4.0,5.0,3.0,16.0,1.0,13.0,2.0,1.0,1.0,1.0,6.0,1.0,18.0,3.0,2.0,1.0,5.0,13.0,98.0,5.0,14.0,14.0,4.0,2.0,2.0,79.0,23.0,2.0,3.0,2.0
5,1.0,33.0,3.0,53.0,3.0,3.0,19.0,20.0,28.0,6.0,14.0,11.0,38.0,10.0,17.0,6.0,1.0,2.0,2.0,6.0,1.0,12.0,21.0,6.0,2.0,3.0,41.0,20.0,3.0,1.0,10.0,3.0,3.0,1.0,3.0,13.0,59,45.0,23.0,6.0,7.0,16.0,8.0,40.0,19.0,5.0,3.0,11.0,11.0,14.0,5.0,4.0,6.0,5.0,6.0,5.0,1.0,5.0,23.0,3.0,3.0,8.0,7.0,15.0,10.0,4.0,7.0,29.0,9.0,1.0,8.0,5.0,7.0,12.0,12.0,26.0,3.0,69.0,13.0,18.0,23.0,2.0,3.0,13.0,1.0,35.0,49.0,7.0,24.0,45.0,10.0,2.0,3.0,8.0,7.0,3.0,7.0,19.0,8.0,7.0,9.0,18.0,18.0,2.0,42.0,16.0,20.0,9.0,6.0,21.0,18.0,7.0,8.0,2.0,1.0,28.0,14.0,3.0,2.0,7.0,2.0,8.0,25.0,6.0,5.0,43.0,1.0,9.0,22.0,2.0,22.0,21.0,286.0,15.0,4.0,11.0,15.0,4.0,20.0,21.0,46.0,6.0,6.0,7.0,3.0,31.0,1.0,17.0,3.0,1.0,1.0,2.0,8.0,1.0,24.0,6.0,2.0,1.0,7.0,16.0,191.0,5.0,14.0,19.0,4.0,2.0,2.0,94.0,33.0,2.0,3.0,3.0
6,1.0,38.0,5.0,75.0,4.0,3.0,31.0,30.0,28.0,7.0,18.0,13.0,41.0,17.0,17.0,9.0,1.0,2.0,2.0,6.0,1.0,12.0,36.0,6.0,3.0,3.0,51.0,26.0,3.0,1.0,10.0,4.0,3.0,3.0,3.0,17.0,59,57.0,26.0,9.0,8.0,21.0,8.0,40.0,26.0,8.0,3.0,11.0,11.0,15.0,9.0,4.0,6.0,10.0,7.0,5.0,1.0,6.0,25.0,3.0,9.0,9.0,11.0,26.0,32.0,5.0,9.0,32.0,13.0,2.0,9.0,5.0,8.0,24.0,13.0,35.0,3.0,96.0,19.0,19.0,26.0,3.0,3.0,15.0,1.0,52.0,53.0,7.0,24.0,45.0,16.0,3.0,3.0,8.0,7.0,6.0,26.0,23.0,8.0,8.0,13.0,18.0,21.0,2.0,48.0,26.0,23.0,9.0,10.0,27.0,28.0,8.0,8.0,3.0,1.0,38.0,15.0,4.0,2.0,10.0,2.0,8.0,33.0,6.0,6.0,43.0,1.0,11.0,38.0,2.0,31.0,30.0,316.0,18.0,6.0,17.0,22.0,4.0,45.0,26.0,55.0,7.0,6.0,10.0,6.0,57.0,1.0,24.0,4.0,1.0,1.0,2.0,8.0,1.0,30.0,12.0,2.0,1.0,9.0,16.0,359.0,5.0,14.0,26.0,5.0,2.0,5.0,110.0,33.0,2.0,3.0,3.0
7,4.0,42.0,12.0,75.0,4.0,7.0,34.0,52.0,28.0,9.0,24.0,13.0,47.0,24.0,18.0,12.0,1.0,3.0,5.0,15.0,2.0,15.0,44.0,6.0,8.0,3.0,62.0,33.0,3.0,1.0,14.0,4.0,6.0,4.0,5.0,23.0,59,65.0,27.0,14.0,9.0,25.0,9.0,58.0,32.0,10.0,12.0,11.0,11.0,17.0,13.0,6.0,6.0,13.0,9.0,5.0,1.0,6.0,25.0,3.0,12.0,11.0,16.0,35.0,45.0,6.0,9.0,37.0,17.0,2.0,9.0,5.0,8.0,24.0,16.0,43.0,3.0,117.0,21.0,21.0,29.0,7.0,3.0,16.0,1.0,56.0,56.0,7.0,31.0,46.0,19.0,3.0,3.0,10.0,7.0,9.0,38.0,24.0,8.0,8.0,13.0,28.0,30.0,2.0,81.0,41.0,29.0,9.0,10.0,47.0,37.0,8.0,14.0,3.0,1.0,82.0,15.0,5.0,2.0,10.0,2.0,8.0,56.0,7.0,16.0,69.0,1.0,11.0,43.0,3.0,49.0,39.0,378.0,24.0,7.0,17.0,23.0,4.0,62.0,27.0,57.0,7.0,6.0,13.0,16.0,96.0,1.0,24.0,4.0,1.0,1.0,2.0,8.0,1.0,37.0,12.0,2.0,9.0,9.0,18.0,670.0,5.0,30.0,26.0,5.0,3.0,5.0,135.0,46.0,5.0,12.0,5.0
8,7.0,51.0,17.0,88.0,7.0,7.0,45.0,78.0,50.0,11.0,29.0,19.0,49.0,27.0,18.0,21.0,1.0,3.0,5.0,17.0,2.0,19.0,44.0,7.0,13.0,3.0,81.0,40.0,3.0,1.0,27.0,4.0,8.0,4.0,5.0,33.0,59,102.0,35.0,17.0,10.0,35.0,11.0,58.0,40.0,20.0,12.0,11.0,21.0,23.0,13.0,6.0,12.0,16.0,9.0,5.0,1.0,6.0,30.0,3.0,13.0,11.0,21.0,55.0,66.0,9.0,9.0,49.0,19.0,2.0,15.0,5.0,8.0,26.0,25.0,53.0,3.0,134.0,26.0,35.0,32.0,7.0,3.0,19.0,1.0,69.0,60.0,7.0,61.0,56.0,26.0,4.0,3.0,10.0,25.0,14.0,77.0,28.0,9.0,8.0,13.0,36.0,38.0,2.0,94.0,53.0,30.0,11.0,10.0,53.0,44.0,8.0,15.0,3.0,1.0,128.0,15.0,6.0,2.0,10.0,3.0,8.0,86.0,15.0,16.0,86.0,1.0,13.0,71.0,3.0,68.0,41.0,452.0,262.0,13.0,19.0,26.0,4.0,86.0,31.0,72.0,7.0,7.0,16.0,23.0,141.0,1.0,51.0,4.0,1.0,1.0,2.0,8.0,1.0,57.0,12.0,2.0,15.0,9.0,20.0,947.0,5.0,33.0,41.0,5.0,3.0,5.0,158.0,49.0,5.0,14.0,7.0
9,10.0,55.0,20.0,113.0,7.0,7.0,56.0,115.0,55.0,11.0,41.0,19.0,52.0,33.0,24.0,27.0,1.0,3.0,5.0,22.0,2.0,20.0,92.0,13.0,13.0,3.0,92.0,64.0,3.0,1.0,27.0,4.0,8.0,4.0,5.0,43.0,59,128.0,41.0,25.0,11.0,40.0,11.0,67.0,63.0,23.0,13.0,11.0,21.0,28.0,13.0,9.0,12.0,27.0,11.0,5.0,1.0,6.0,30.0,6.0,15.0,11.0,24.0,56.0,73.0,10.0,9.0,51.0,20.0,2.0,18.0,5.0,8.0,27.0,31.0,55.0,3.0,172.0,31.0,43.0,42.0,10.0,3.0,19.0,2.0,84.0,62.0,15.0,63.0,58.0,31.0,10.0,3.0,11.0,25.0,17.0,81.0,37.0,12.0,8.0,13.0,39.0,48.0,2.0,102.0,82.0,36.0,12.0,10.0,67.0,54.0,8.0,16.0,3.0,1.0,188.0,15.0,8.0,2.0,10.0,8.0,11.0,113.0,16.0,20.0,109.0,1.0,18.0,86.0,3.0,104.0,59.0,475.0,320.0,15.0,36.0,37.0,4.0,86.0,36.0,94.0,7.0,7.0,18.0,23.0,181.0,1.0,62.0,4.0,2.0,1.0,2.0,8.0,1.0,87.0,12.0,4.0,15.0,49.0,24.0,1236.0,5.0,33.0,47.0,5.0,4.0,5.0,162.0,55.0,7.0,16.0,7.0
10,16.0,59.0,20.0,133.0,7.0,7.0,65.0,122.0,55.0,11.0,74.0,19.0,52.0,39.0,24.0,36.0,1.0,3.0,6.0,22.0,2.0,27.0,125.0,13.0,25.0,3.0,105.0,64.0,3.0,1.0,27.0,5.0,8.0,4.0,5.0,61.0,59,158.0,50.0,25.0,12.0,48.0,11.0,84.0,94.0,31.0,15.0,12.0,34.0,37.0,19.0,9.0,15.0,79.0,11.0,5.0,1.0,6.0,34.0,6.0,23.0,12.0,27.0,65.0,84.0,10.0,10.0,55.0,21.0,4.0,18.0,5.0,15.0,30.0,39.0,65.0,3.0,172.0,38.0,70.0,42.0,15.0,3.0,19.0,2.0,99.0,79.0,16.0,71.0,61.0,36.0,13.0,3.0,11.0,34.0,25.0,140.0,44.0,13.0,8.0,13.0,41.0,53.0,2.0,110.0,93.0,49.0,18.0,10.0,75.0,63.0,10.0,20.0,3.0,1.0,265.0,16.0,20.0,3.0,20.0,8.0,11.0,147.0,18.0,21.0,137.0,1.0,22.0,117.0,3.0,125.0,78.0,513.0,337.0,17.0,40.0,49.0,4.0,118.0,36.0,126.0,7.0,8.0,18.0,23.0,219.0,2.0,85.0,4.0,2.0,1.0,2.0,8.0,1.0,209.0,13.0,4.0,18.0,50.0,29.0,1529.0,5.0,44.0,73.0,5.0,4.0,6.0,189.0,65.0,8.0,28.0,7.0
11,21.0,70.0,25.0,164.0,8.0,7.0,79.0,136.0,60.0,12.0,99.0,28.0,56.0,39.0,26.0,36.0,1.0,4.0,6.0,27.0,2.0,28.0,129.0,13.0,34.0,3.0,127.0,75.0,5.0,1.0,56.0,5.0,12.0,5.0,7.0,75.0,59,210.0,69.0,73.0,13.0,57.0,11.0,95.0,116.0,38.0,19.0,12.0,112.0,58.0,30.0,11.0,18.0,115.0,11.0,5.0,1.0,6.0,35.0,6.0,24.0,13.0,53.0,69.0,90.0,10.0,10.0,56.0,24.0,4.0,33.0,5.0,15.0,36.0,50.0,70.0,3.0,227.0,54.0,91.0,52.0,17.0,3.0,19.0,3.0,112.0,88.0,25.0,79.0,64.0,61.0,16.0,3.0,18.0,36.0,33.0,210.0,46.0,16.0,10.0,13.0,45.0,64.0,2.0,128.0,118.0,66.0,23.0,11.0,84.0,86.0,10.0,20.0,4.0,1.0,321.0,16.0,28.0,3.0,20.0,12.0,11.0,169.0,18.0,21.0,200.0,1.0,22.0,145.0,3.0,177.0,112.0,573.0,401.0,25.0,41.0,62.0,,133.0,47.0,135.0,7.0,10.0,18.0,25.0,253.0,3.0,116.0,4.0,2.0,1.0,3.0,8.0,1.0,264.0,13.0,4.0,18.0,51.0,39.0,1872.0,5.0,44.0,84.0,5.0,8.0,7.0,217.0,83.0,9.0,29.0,8.0
12,22.0,70.0,26.0,188.0,8.0,7.0,97.0,160.0,62.0,13.0,102.0,34.0,63.0,48.0,33.0,46.0,1.0,4.0,6.0,32.0,3.0,32.0,162.0,13.0,52.0,3.0,163.0,99.0,5.0,1.0,72.0,7.0,14.0,5.0,7.0,156.0,59,235.0,87.0,80.0,16.0,67.0,11.0,116.0,150.0,113.0,26.0,14.0,202.0,111.0,32.0,12.0,22.0,171.0,12.0,5.0,1.0,6.0,36.0,6.0,25.0,13.0,68.0,69.0,99.0,10.0,12.0,60.0,25.0,5.0,33.0,5.0,15.0,52.0,50.0,85.0,3.0,309.0,61.0,129.0,65.0,19.0,3.0,21.0,3.0,127.0,120.0,25.0,86.0,65.0,71.0,22.0,3.0,18.0,46.0,48.0,345.0,54.0,16.0,12.0,13.0,47.0,73.0,3.0,143.0,164.0,80.0,23.0,11.0,85.0,96.0,10.0,21.0,8.0,1.0,382.0,16.0,39.0,4.0,74.0,22.0,11.0,192.0,20.0,30.0,245.0,1.0,27.0,234.0,3.0,238.0,169.0,620.0,439.0,45.0,50.0,66.0,,133.0,56.0,149.0,7.0,10.0,24.0,25.0,275.0,3.0,150.0,4.0,2.0,1.0,3.0,10.0,1.0,332.0,13.0,5.0,23.0,57.0,54.0,2433.0,5.0,45.0,113.0,7.0,8.0,8.0,238.0,104.0,10.0,35.0,8.0
13,22.0,76.0,37.0,224.0,8.0,7.0,128.0,190.0,64.0,14.0,131.0,44.0,79.0,48.0,34.0,57.0,1.0,5.0,6.0,32.0,3.0,39.0,181.0,13.0,77.0,3.0,185.0,114.0,5.0,1.0,72.0,7.0,22.0,6.0,7.0,201.0,59,306.0,113.0,96.0,25.0,80.0,11.0,124.0,214.0,264.0,31.0,14.0,245.0,168.0,32.0,13.0,22.0,205.0,12.0,7.0,1.0,6.0,37.0,7.0,30.0,13.0,132.0,69.0,133.0,10.0,12.0,69.0,32.0,5.0,33.0,5.0,16.0,67.0,73.0,117.0,3.0,450.0,61.0,169.0,71.0,25.0,3.0,25.0,4.0,153.0,193.0,31.0,88.0,69.0,86.0,32.0,3.0,18.0,46.0,69.0,484.0,59.0,16.0,14.0,13.0,56.0,90.0,3.0,154.0,203.0,94.0,27.0,12.0,91.0,115.0,10.0,21.0,8.0,1.0,503.0,16.0,53.0,5.0,74.0,30.0,11.0,277.0,20.0,31.0,313.0,1.0,37.0,263.0,3.0,287.0,245.0,683.0,442.0,64.0,54.0,67.0,,171.0,67.0,188.0,7.0,11.0,28.0,40.0,286.0,3.0,205.0,4.0,2.0,1.0,3.0,10.0,1.0,374.0,14.0,5.0,24.0,60.0,60.0,3629.0,8.0,48.0,156.0,7.0,9.0,11.0,238.0,133.0,10.0,35.0,8.0
14,22.0,89.0,48.0,267.0,10.0,9.0,158.0,194.0,64.0,14.0,182.0,44.0,109.0,48.0,34.0,57.0,1.0,7.0,6.0,35.0,3.0,61.0,181.0,13.0,98.0,3.0,201.0,146.0,5.0,1.0,88.0,7.0,28.0,6.0,7.0,238.0,59,378.0,117.0,101.0,31.0,119.0,13.0,132.0,298.0,516.0,34.0,14.0,312.0,199.0,41.0,13.0,29.0,225.0,16.0,7.0,1.0,11.0,37.0,7.0,30.0,13.0,137.0,88.0,190.0,10.0,12.0,77.0,34.0,8.0,35.0,8.0,18.0,95.0,85.0,117.0,3.0,514.0,70.0,223.0,114.0,39.0,3.0,26.0,7.0,172.0,229.0,31.0,91.0,72.0,111.0,41.0,3.0,19.0,47.0,105.0,670.0,65.0,16.0,15.0,13.0,59.0,107.0,5.0,169.0,251.0,109.0,31.0,12.0,109.0,134.0,10.0,22.0,8.0,1.0,614.0,18.0,66.0,5.0,98.0,40.0,11.0,489.0,22.0,187.0,345.0,1.0,41.0,318.0,3.0,355.0,331.0,725.0,452.0,89.0,60.0,73.0,,238.0,79.0,222.0,7.0,11.0,30.0,40.0,319.0,3.0,240.0,,2.0,1.0,3.0,10.0,1.0,490.0,19.0,8.0,25.0,65.0,75.0,5698.0,8.0,48.0,218.0,7.0,9.0,11.0,304.0,145.0,12.0,36.0,9.0
15,24.0,100.0,58.0,308.0,14.0,15.0,225.0,265.0,71.0,14.0,246.0,53.0,110.0,49.0,45.0,76.0,1.0,7.0,8.0,35.0,4.0,74.0,229.0,13.0,121.0,3.0,220.0,146.0,5.0,1.0,88.0,7.0,29.0,6.0,7.0,342.0,59,470.0,134.0,140.0,37.0,139.0,13.0,146.0,344.0,676.0,41.0,15.0,392.0,426.0,46.0,14.0,29.0,258.0,16.0,12.0,1.0,11.0,37.0,7.0,30.0,15.0,141.0,95.0,228.0,10.0,12.0,82.0,36.0,8.0,35.0,8.0,18.0,110.0,103.0,138.0,3.0,579.0,74.0,292.0,126.0,70.0,3.0,26.0,11.0,212.0,284.0,38.0,106.0,80.0,124.0,41.0,3.0,21.0,51.0,143.0,798.0,71.0,17.0,16.0,13.0,59.0,120.0,5.0,186.0,316.0,125.0,33.0,12.0,123.0,170.0,10.0,22.0,11.0,1.0,804.0,18.0,102.0,5.0,120.0,44.0,13.0,621.0,24.0,187.0,443.0,1.0,52.0,363.0,3.0,425.0,448.0,788.0,460.0,113.0,70.0,92.0,,274.0,86.0,249.0,8.0,13.0,33.0,50.0,341.0,3.0,274.0,,2.0,1.0,5.0,10.0,1.0,642.0,19.0,14.0,28.0,66.0,89.0,7402.0,8.0,52.0,311.0,8.0,9.0,11.0,309.0,149.0,13.0,39.0,9.0
16,24.0,123.0,60.0,334.0,16.0,15.0,266.0,290.0,74.0,14.0,361.0,65.0,162.0,49.0,45.0,76.0,1.0,8.0,13.0,37.0,4.0,81.0,257.0,15.0,200.0,3.0,242.0,180.0,5.0,1.0,99.0,7.0,35.0,6.0,8.0,434.0,59,491.0,158.0,165.0,48.0,170.0,14.0,162.0,434.0,804.0,41.0,15.0,488.0,532.0,56.0,14.0,31.0,267.0,16.0,12.0,1.0,11.0,39.0,7.0,33.0,15.0,152.0,98.0,331.0,10.0,12.0,87.0,36.0,16.0,38.0,8.0,21.0,139.0,131.0,178.0,3.0,686.0,85.0,366.0,127.0,82.0,3.0,32.0,14.0,235.0,325.0,42.0,112.0,100.0,139.0,61.0,6.0,24.0,56.0,179.0,875.0,72.0,17.0,18.0,13.0,87.0,129.0,5.0,196.0,367.0,149.0,42.0,12.0,144.0,225.0,10.0,22.0,11.0,1.0,959.0,18.0,142.0,5.0,184.0,51.0,13.0,621.0,24.0,302.0,588.0,1.0,56.0,395.0,3.0,536.0,642.0,897.0,470.0,139.0,70.0,98.0,,392.0,99.0,303.0,10.0,15.0,40.0,50.0,383.0,5.0,402.0,,2.0,1.0,5.0,10.0,1.0,854.0,20.0,14.0,30.0,74.0,114.0,9217.0,8.0,52.0,418.0,8.0,9.0,12.0,320.0,173.0,14.0,39.0,9.0
17,34.0,146.0,72.0,370.0,17.0,15.0,301.0,329.0,77.0,14.0,504.0,72.0,162.0,51.0,45.0,81.0,1.0,9.0,13.0,37.0,4.0,96.0,323.0,15.0,234.0,3.0,264.0,180.0,6.0,1.0,99.0,7.0,39.0,8.0,9.0,537.0,63,539.0,177.0,168.0,56.0,186.0,14.0,179.0,522.0,827.0,51.0,15.0,581.0,789.0,62.0,15.0,31.0,283.0,23.0,14.0,1.0,11.0,40.0,7.0,34.0,15.0,152.0,103.0,352.0,11.0,12.0,93.0,38.0,16.0,39.0,12.0,21.0,141.0,167.0,199.0,3.0,790.0,85.0,557.0,139.0,96.0,3.0,34.0,15.0,259.0,340.0,50.0,112.0,104.0,180.0,66.0,6.0,24.0,60.0,209.0,1099.0,77.0,,18.0,13.0,105.0,134.0,5.0,227.0,405.0,177.0,43.0,14.0,174.0,275.0,17.0,27.0,11.0,1.0,1135.0,18.0,189.0,5.0,253.0,65.0,13.0,907.0,39.0,478.0,674.0,1.0,59.0,416.0,3.0,634.0,785.0,903.0,481.0,184.0,75.0,102.0,,511.0,105.0,384.0,10.0,26.0,43.0,50.0,414.0,5.0,557.0,,2.0,1.0,6.0,10.0,1.0,1121.0,21.0,14.0,34.0,78.0,173.0,10827.0,9.0,52.0,480.0,8.0,9.0,12.0,338.0,187.0,14.0,39.0,9.0
18,40.0,174.0,90.0,376.0,19.0,15.0,387.0,372.0,82.0,14.0,655.0,87.0,210.0,54.0,51.0,81.0,1.0,10.0,16.0,39.0,4.0,107.0,353.0,15.0,291.0,3.0,293.0,222.0,6.0,1.0,142.0,7.0,39.0,8.0,9.0,632.0,80,608.0,201.0,168.0,69.0,212.0,14.0,214.0,694.0,875.0,59.0,16.0,719.0,981.0,69.0,15.0,33.0,306.0,25.0,14.0,1.0,11.0,41.0,16.0,34.0,15.0,152.0,109.0,387.0,11.0,12.0,110.0,46.0,30.0,39.0,19.0,24.0,172.0,187.0,247.0,3.0,893.0,124.0,683.0,150.0,116.0,3.0,38.0,19.0,268.0,348.0,59.0,125.0,112.0,197.0,93.0,7.0,25.0,61.0,274.0,1333.0,85.0,,18.0,14.0,116.0,139.0,5.0,244.0,475.0,199.0,46.0,14.0,201.0,345.0,17.0,28.0,13.0,1.0,1413.0,18.0,262.0,5.0,278.0,81.0,14.0,1077.0,39.0,495.0,786.0,2.0,64.0,558.0,3.0,749.0,1020.0,923.0,494.0,217.0,82.0,104.0,,562.0,119.0,457.0,10.0,30.0,45.0,50.0,442.0,5.0,709.0,,2.0,1.0,7.0,10.0,1.0,1359.0,21.0,14.0,34.0,85.0,173.0,13531.0,9.0,53.0,549.0,8.0,9.0,12.0,338.0,190.0,15.0,39.0,10.0
19,42.0,186.0,102.0,390.0,19.0,15.0,502.0,424.0,86.0,14.0,860.0,93.0,211.0,56.0,56.0,86.0,1.0,13.0,16.0,39.0,5.0,115.0,413.0,,428.0,3.0,331.0,246.0,,1.0,193.0,7.0,45.0,8.0,9.0,746.0,216,702.0,231.0,190.0,81.0,233.0,14.0,230.0,904.0,932.0,90.0,16.0,859.0,1082.0,78.0,15.0,33.0,326.0,29.0,15.0,1.0,11.0,41.0,18.0,40.0,15.0,195.0,113.0,418.0,11.0,14.0,112.0,47.0,52.0,40.0,19.0,25.0,219.0,226.0,250.0,3.0,1046.0,124.0,785.0,158.0,178.0,3.0,38.0,20.0,274.0,386.0,81.0,126.0,123.0,221.0,99.0,10.0,25.0,62.0,299.0,1453.0,93.0,,18.0,16.0,123.0,149.0,6.0,268.0,585.0,231.0,49.0,14.0,214.0,358.0,20.0,31.0,13.0,1.0,1705.0,18.0,338.0,6.0,342.0,97.0,14.0,1169.0,48.0,646.0,901.0,2.0,65.0,580.0,3.0,901.0,1280.0,974.0,501.0,260.0,82.0,109.0,,767.0,130.0,659.0,10.0,,47.0,52.0,480.0,7.0,927.0,,2.0,1.0,7.0,10.0,1.0,2200.0,21.0,19.0,36.0,87.0,227.0,15679.0,9.0,53.0,794.0,8.0,9.0,12.0,369.0,227.0,15.0,39.0,11.0
20,75.0,197.0,139.0,428.0,19.0,15.0,589.0,424.0,92.0,15.0,1016.0,122.0,214.0,61.0,60.0,86.0,1.0,14.0,22.0,39.0,5.0,123.0,464.0,,621.0,3.0,346.0,261.0,,1.0,233.0,8.0,45.0,9.0,10.0,922.0,235,798.0,263.0,194.0,104.0,269.0,14.0,262.0,995.0,1024.0,121.0,16.0,901.0,1211.0,78.0,16.0,34.0,352.0,29.0,15.0,1.0,11.0,47.0,18.0,43.0,15.0,204.0,120.0,464.0,11.0,14.0,121.0,50.0,52.0,43.0,23.0,27.0,222.0,261.0,330.0,3.0,1155.0,154.0,906.0,190.0,250.0,3.0,44.0,20.0,278.0,460.0,110.0,132.0,130.0,244.0,120.0,13.0,26.0,64.0,358.0,1605.0,93.0,,19.0,17.0,144.0,151.0,6.0,273.0,717.0,263.0,52.0,14.0,233.0,479.0,20.0,41.0,14.0,1.0,2051.0,18.0,416.0,6.0,410.0,97.0,,1308.0,52.0,784.0,989.0,2.0,69.0,635.0,3.0,1051.0,1600.0,1043.0,526.0,277.0,89.0,126.0,,900.0,142.0,741.0,10.0,,50.0,52.0,528.0,7.0,1170.0,,2.0,1.0,7.0,10.0,1.0,2200.0,22.0,19.0,39.0,89.0,227.0,18135.0,10.0,53.0,804.0,8.0,9.0,12.0,386.0,266.0,16.0,39.0,11.0
21,75.0,212.0,201.0,439.0,19.0,19.0,690.0,482.0,92.0,15.0,1332.0,165.0,221.0,70.0,63.0,94.0,1.0,18.0,26.0,48.0,5.0,132.0,532.0,,904.0,3.0,359.0,288.0,,1.0,271.0,8.0,45.0,9.0,11.0,1142.0,386,906.0,295.0,218.0,126.0,288.0,14.0,320.0,1165.0,1115.0,135.0,16.0,1109.0,1403.0,103.0,16.0,34.0,369.0,35.0,15.0,1.0,11.0,51.0,21.0,49.0,15.0,205.0,123.0,495.0,11.0,14.0,125.0,61.0,111.0,46.0,24.0,30.0,264.0,300.0,409.0,3.0,1285.0,164.0,1125.0,201.0,260.0,3.0,47.0,25.0,299.0,460.0,122.0,140.0,142.0,280.0,120.0,14.0,35.0,68.0,394.0,1831.0,102.0,,21.0,17.0,148.0,156.0,6.0,314.0,848.0,298.0,55.0,14.0,241.0,556.0,21.0,62.0,14.0,1.0,2460.0,18.0,476.0,6.0,438.0,131.0,,1423.0,55.0,887.0,1075.0,2.0,69.0,671.0,3.0,1221.0,2060.0,1068.0,537.0,308.0,102.0,151.0,,1012.0,162.0,741.0,10.0,,58.0,57.0,577.0,7.0,1187.0,,2.0,1.0,7.0,10.0,1.0,2650.0,24.0,19.0,40.0,97.0,278.0,20921.0,10.0,53.0,987.0,9.0,9.0,13.0,400.0,342.0,16.0,39.0,11.0
22,91.0,223.0,230.0,466.0,19.0,21.0,745.0,532.0,92.0,15.0,1646.0,182.0,237.0,88.0,63.0,94.0,1.0,18.0,26.0,48.0,5.0,139.0,586.0,,1128.0,3.0,399.0,288.0,,1.0,509.0,8.0,45.0,9.0,11.0,1306.0,526,1065.0,314.0,245.0,206.0,320.0,14.0,356.0,1236.0,1151.0,140.0,16.0,1284.0,1627.0,117.0,16.0,34.0,404.0,38.0,16.0,1.0,11.0,51.0,21.0,54.0,15.0,214.0,127.0,530.0,11.0,14.0,128.0,70.0,121.0,50.0,29.0,31.0,268.0,343.0,473.0,3.0,1414.0,177.0,1329.0,226.0,427.0,17.0,53.0,25.0,299.0,531.0,126.0,145.0,148.0,305.0,133.0,14.0,48.0,72.0,484.0,1950.0,102.0,,22.0,18.0,171.0,167.0,6.0,318.0,993.0,353.0,60.0,15.0,249.0,617.0,27.0,74.0,16.0,1.0,2994.0,18.0,552.0,6.0,491.0,131.0,,1552.0,66.0,991.0,1181.0,2.0,77.0,852.0,3.0,1389.0,2362.0,1118.0,549.0,367.0,104.0,151.0,,1104.0,175.0,900.0,10.0,,67.0,57.0,632.0,8.0,1280.0,,2.0,1.0,10.0,10.0,1.0,3010.0,24.0,19.0,41.0,100.0,312.0,23934.0,11.0,54.0,1096.0,9.0,9.0,13.0,406.0,397.0,16.0,39.0,14.0
23,106.0,243.0,264.0,501.0,19.0,21.0,820.0,571.0,92.0,15.0,2196.0,209.0,256.0,123.0,66.0,94.0,1.0,18.0,26.0,50.0,5.0,157.0,632.0,,1546.0,3.0,422.0,302.0,,1.0,555.0,8.0,53.0,9.0,11.0,1610.0,623,1161.0,330.0,261.0,235.0,350.0,14.0,396.0,1394.0,1255.0,150.0,16.0,1380.0,1835.0,118.0,16.0,34.0,538.0,43.0,16.0,1.0,12.0,51.0,21.0,61.0,15.0,214.0,129.0,624.0,11.0,14.0,130.0,74.0,128.0,50.0,31.0,33.0,298.0,408.0,568.0,3.0,1528.0,193.0,1564.0,228.0,433.0,79.0,55.0,25.0,323.0,670.0,142.0,184.0,159.0,376.0,149.0,31.0,49.0,75.0,484.0,1988.0,106.0,,22.0,19.0,190.0,188.0,6.0,319.0,1094.0,423.0,64.0,15.0,252.0,654.0,28.0,74.0,16.0,1.0,3631.0,18.0,647.0,6.0,529.0,151.0,,1742.0,84.0,1057.0,1317.0,2.0,96.0,950.0,3.0,1638.0,2995.0,,562.0,433.0,105.0,151.0,,1203.0,190.0,1060.0,10.0,,72.0,57.0,691.0,8.0,1326.0,,2.0,1.0,12.0,10.0,1.0,3888.0,25.0,25.0,44.0,103.0,362.0,27069.0,11.0,54.0,1251.0,9.0,9.0,14.0,415.0,504.0,16.0,40.0,14.0
24,114.0,259.0,302.0,526.0,19.0,21.0,966.0,663.0,93.0,15.0,2649.0,273.0,269.0,164.0,67.0,105.0,1.0,18.0,30.0,57.0,5.0,183.0,663.0,,1891.0,,457.0,345.0,,1.0,650.0,8.0,53.0,10.0,15.0,1909.0,882,1267.0,347.0,323.0,306.0,396.0,14.0,426.0,1654.0,1326.0,187.0,16.0,1488.0,1890.0,118.0,16.0,35.0,575.0,44.0,16.0,1.0,12.0,51.0,21.0,70.0,15.0,287.0,129.0,695.0,11.0,14.0,133.0,80.0,144.0,,33.0,33.0,305.0,447.0,588.0,3.0,1677.0,214.0,1819.0,242.0,677.0,132.0,58.0,25.0,345.0,704.0,158.0,184.0,176.0,376.0,163.0,31.0,49.0,75.0,533.0,2178.0,106.0,,22.0,19.0,216.0,195.0,6.0,324.0,1215.0,505.0,66.0,16.0,257.0,708.0,29.0,85.0,16.0,1.0,4204.0,18.0,647.0,8.0,548.0,174.0,,1926.0,99.0,1197.0,1475.0,2.0,104.0,1065.0,3.0,1862.0,3544.0,,590.0,576.0,105.0,187.0,,1229.0,195.0,1171.0,10.0,,75.0,64.0,730.0,12.0,1353.0,,3.0,1.0,12.0,10.0,1.0,4840.0,25.0,25.0,58.0,104.0,394.0,30217.0,11.0,55.0,1319.0,9.0,13.0,15.0,424.0,555.0,16.0,40.0,17.0
25,141.0,277.0,367.0,545.0,19.0,23.0,966.0,736.0,95.0,15.0,3024.0,298.0,285.0,218.0,68.0,152.0,1.0,18.0,35.0,57.0,5.0,194.0,695.0,,2201.0,,485.0,364.0,,1.0,658.0,8.0,53.0,11.0,23.0,2139.0,1323,1406.0,375.0,349.0,382.0,457.0,14.0,446.0,2062.0,1395.0,214.0,16.0,1578.0,1966.0,125.0,18.0,35.0,640.0,52.0,16.0,1.0,12.0,53.0,30.0,73.0,15.0,287.0,129.0,743.0,11.0,14.0,133.0,87.0,164.0,,37.0,40.0,312.0,492.0,648.0,3.0,1790.0,233.0,2121.0,242.0,712.0,229.0,59.0,25.0,349.0,759.0,172.0,227.0,188.0,398.0,230.0,37.0,49.0,77.0,581.0,2319.0,108.0,,22.0,19.0,,202.0,6.0,324.0,1378.0,591.0,73.0,16.0,263.0,708.0,31.0,94.0,16.0,1.0,4749.0,18.0,723.0,11.0,570.0,190.0,,2132.0,109.0,1197.0,1673.0,2.0,113.0,1323.0,3.0,2055.0,4268.0,,634.0,762.0,110.0,187.0,,1453.0,207.0,1476.0,10.0,,77.0,,763.0,21.0,1380.0,,7.0,1.0,14.0,10.0,1.0,6077.0,32.0,25.0,65.0,105.0,455.0,34109.0,11.0,55.0,1462.0,9.0,13.0,15.0,456.0,582.0,16.0,43.0,17.0
26,166.0,304.0,409.0,564.0,19.0,23.0,1133.0,770.0,96.0,15.0,3631.0,359.0,306.0,330.0,71.0,152.0,1.0,18.0,35.0,57.0,5.0,210.0,781.0,,2433.0,,503.0,384.0,,1.0,685.0,9.0,54.0,11.0,23.0,2449.0,1988,1485.0,396.0,384.0,418.0,515.0,14.0,465.0,2279.0,1460.0,298.0,16.0,1745.0,2302.0,149.0,18.0,35.0,679.0,55.0,16.0,1.0,12.0,55.0,33.0,79.0,15.0,313.0,129.0,821.0,11.0,14.0,134.0,126.0,194.0,,37.0,40.0,343.0,525.0,737.0,3.0,1986.0,266.0,2415.0,254.0,883.0,322.0,63.0,25.0,349.0,802.0,179.0,250.0,189.0,446.0,248.0,48.0,,78.0,649.0,2487.0,110.0,,22.0,19.0,,213.0,7.0,324.0,1510.0,752.0,77.0,16.0,272.0,919.0,34.0,107.0,16.0,1.0,5560.0,18.0,772.0,12.0,584.0,210.0,,2371.0,131.0,1408.0,1801.0,2.0,113.0,1414.0,3.0,2311.0,5170.0,,693.0,906.0,113.0,208.0,,1563.0,219.0,1624.0,10.0,,81.0,,814.0,21.0,1462.0,,12.0,1.0,14.0,10.0,2.0,6971.0,32.0,32.0,70.0,107.0,455.0,38226.0,,55.0,1668.0,11.0,13.0,15.0,473.0,624.0,16.0,45.0,23.0
27,192.0,333.0,454.0,583.0,19.0,23.0,1133.0,822.0,96.0,17.0,4486.0,400.0,334.0,424.0,72.0,254.0,2.0,,35.0,81.0,5.0,264.0,816.0,,2915.0,,531.0,414.0,,1.0,730.0,9.0,60.0,11.0,27.0,2738.0,2775,1579.0,416.0,444.0,495.0,564.0,,494.0,2663.0,1591.0,363.0,16.0,1828.0,2758.0,159.0,18.0,35.0,715.0,56.0,16.0,1.0,12.0,55.0,44.0,81.0,15.0,378.0,131.0,892.0,11.0,14.0,135.0,137.0,212.0,,40.0,41.0,382.0,585.0,802.0,3.0,2092.0,316.0,2615.0,284.0,1071.0,400.0,63.0,25.0,358.0,840.0,184.0,283.0,191.0,458.0,267.0,50.0,,78.0,771.0,2612.0,111.0,,22.0,19.0,,234.0,7.0,324.0,1688.0,864.0,79.0,16.0,274.0,1021.0,35.0,,16.0,1.0,6412.0,18.0,824.0,12.0,609.0,232.0,,2566.0,152.0,1526.0,1988.0,7.0,115.0,1595.0,3.0,2554.0,5962.0,,781.0,1029.0,118.0,218.0,,1720.0,222.0,1908.0,10.0,,84.0,,841.0,25.0,1505.0,,25.0,1.0,14.0,10.0,7.0,8015.0,32.0,32.0,73.0,107.0,495.0,42282.0,,55.0,1892.0,13.0,13.0,15.0,494.0,796.0,16.0,45.0,24.0
28,235.0,361.0,511.0,601.0,24.0,23.0,1265.0,833.0,,21.0,5282.0,443.0,339.0,482.0,73.0,351.0,8.0,,35.0,83.0,5.0,268.0,875.0,,3417.0,,549.0,443.0,,1.0,730.0,9.0,61.0,11.0,27.0,3031.0,4528,1780.0,435.0,480.0,586.0,620.0,,526.0,2829.0,1724.0,435.0,,1956.0,3163.0,159.0,18.0,35.0,745.0,65.0,17.0,2.0,12.0,55.0,46.0,85.0,15.0,378.0,133.0,966.0,11.0,,135.0,153.0,250.0,,45.0,43.0,392.0,623.0,890.0,3.0,2273.0,346.0,2910.0,289.0,1442.0,650.0,63.0,25.0,372.0,880.0,189.0,362.0,195.0,493.0,304.0,59.0,,78.0,771.0,2729.0,117.0,,22.0,19.0,,241.0,7.0,324.0,1890.0,965.0,81.0,16.0,283.0,1120.0,,,16.0,1.0,7431.0,18.0,872.0,12.0,627.0,238.0,,2916.0,167.0,1625.0,2100.0,7.0,124.0,1746.0,3.0,2946.0,6408.0,,835.0,1292.0,120.0,223.0,,1885.0,226.0,2200.0,10.0,,85.0,,897.0,25.0,1585.0,,34.0,1.0,15.0,10.0,12.0,8789.0,46.0,32.0,76.0,109.0,553.0,47029.0,,55.0,2203.0,13.0,16.0,15.0,501.0,865.0,16.0,48.0,24.0
29,235.0,377.0,584.0,622.0,,23.0,1451.0,853.0,,22.0,5888.0,521.0,390.0,621.0,75.0,394.0,13.0,,35.0,83.0,5.0,276.0,901.0,,3904.0,,577.0,448.0,,1.0,803.0,9.0,61.0,11.0,33.0,3404.0,5994,2054.0,454.0,533.0,657.0,669.0,,564.0,3002.0,1877.0,591.0,,2111.0,3368.0,164.0,21.0,,779.0,69.0,17.0,2.0,12.0,55.0,49.0,90.0,17.0,408.0,133.0,1061.0,11.0,,135.0,156.0,250.0,,45.0,44.0,393.0,678.0,963.0,3.0,2491.0,382.0,3235.0,297.0,1930.0,888.0,65.0,29.0,372.0,961.0,191.0,377.0,208.0,509.0,333.0,59.0,,79.0,811.0,2804.0,117.0,,22.0,19.0,,293.0,7.0,324.0,2143.0,1056.0,84.0,16.0,288.0,1184.0,,,16.0,1.0,8603.0,18.0,911.0,12.0,639.0,254.0,,3156.0,179.0,2039.0,2249.0,7.0,129.0,2281.0,3.0,3383.0,7443.0,,949.0,1452.0,126.0,224.0,,1885.0,237.0,2447.0,10.0,,86.0,,934.0,60.0,1655.0,,66.0,1.0,19.0,10.0,13.0,9714.0,53.0,32.0,76.0,109.0,574.0,52167.0,,,2511.0,13.0,18.0,15.0,512.0,998.0,16.0,48.0,25.0
30,270.0,383.0,716.0,638.0,,23.0,1554.0,881.0,,22.0,7029.0,584.0,419.0,803.0,75.0,564.0,23.0,,35.0,86.0,5.0,300.0,948.0,,4256.0,,593.0,484.0,,1.0,820.0,11.0,61.0,11.0,33.0,3737.0,7734,2223.0,467.0,574.0,713.0,726.0,,595.0,3308.0,2046.0,732.0,,2349.0,3465.0,177.0,21.0,,858.0,71.0,17.0,3.0,12.0,55.0,57.0,98.0,21.0,566.0,133.0,1156.0,11.0,,136.0,167.0,319.0,,47.0,44.0,397.0,733.0,1020.0,3.0,2738.0,458.0,3447.0,,2369.0,1128.0,69.0,30.0,381.0,1179.0,197.0,387.0,225.0,533.0,368.0,59.0,,79.0,843.0,2843.0,,,22.0,19.0,,299.0,7.0,325.0,2439.0,1174.0,90.0,30.0,303.0,1275.0,,,16.0,1.0,9762.0,,943.0,12.0,,276.0,,3581.0,192.0,2291.0,2528.0,,133.0,2561.0,3.0,3627.0,8251.0,,949.0,1760.0,127.0,229.0,,2179.0,244.0,2666.0,10.0,,89.0,,977.0,80.0,1686.0,,83.0,1.0,19.0,10.0,14.0,10714.0,88.0,33.0,76.0,112.0,596.0,56956.0,,,2777.0,13.0,23.0,15.0,521.0,1165.0,16.0,52.0,
31,299.0,400.0,847.0,646.0,,,1628.0,921.0,,22.0,7697.0,641.0,458.0,1012.0,75.0,700.0,50.0,,37.0,,5.0,330.0,1007.0,,4579.0,,624.0,497.0,,1.0,820.0,11.0,,11.0,,4161.0,9714,2473.0,483.0,626.0,790.0,766.0,,616.0,3589.0,2201.0,732.0,,2620.0,3646.0,190.0,41.0,,961.0,74.0,,3.0,12.0,55.0,57.0,110.0,47.0,566.0,,1212.0,,,136.0,180.0,363.0,,48.0,,407.0,744.0,1086.0,3.0,2956.0,506.0,3849.0,,2666.0,1689.0,72.0,38.0,389.0,1267.0,208.0,423.0,235.0,542.0,391.0,73.0,,80.0,880.0,2970.0,,,22.0,19.0,,337.0,7.0,,2785.0,1289.0,92.0,30.0,303.0,1374.0,,,16.0,1.0,10866.0,,969.0,12.0,,288.0,,3845.0,210.0,2291.0,2752.0,,134.0,2954.0,3.0,4102.0,9034.0,,1325.0,1952.0,134.0,229.0,,2385.0,250.0,2867.0,11.0,,89.0,,997.0,80.0,1749.0,,114.0,1.0,29.0,,15.0,12104.0,94.0,33.0,77.0,113.0,623.0,61049.0,,,3102.0,13.0,36.0,16.0,533.0,1302.0,16.0,57.0,
32,337.0,409.0,986.0,659.0,,,1715.0,937.0,,22.0,8291.0,717.0,466.0,1231.0,75.0,861.0,109.0,,37.0,,5.0,354.0,1028.0,,5717.0,,635.0,515.0,,1.0,820.0,12.0,,12.0,,4471.0,11809,2709.0,502.0,626.0,867.0,814.0,,633.0,3858.0,2395.0,,,2759.0,3747.0,,51.0,,1018.0,82.0,,6.0,14.0,,75.0,115.0,57.0,636.0,,1314.0,,,,196.0,404.0,,55.0,,419.0,817.0,1135.0,3.0,3293.0,547.0,4273.0,,3035.0,2036.0,73.0,52.0,391.0,1331.0,216.0,449.0,255.0,548.0,412.0,76.0,,80.0,912.0,3034.0,,,22.0,19.0,,350.0,7.0,,3181.0,1438.0,93.0,31.0,307.0,1448.0,,,16.0,1.0,11750.0,,992.0,,,305.0,,4102.0,231.0,2291.0,2974.0,,147.0,4342.0,3.0,4413.0,9886.0,,1604.0,2245.0,136.0,230.0,,2523.0,265.0,3105.0,11.0,,90.0,,1021.0,116.0,1845.0,,151.0,1.0,32.0,,24.0,13152.0,147.0,33.0,77.0,113.0,643.0,65111.0,,,3372.0,19.0,40.0,35.0,539.0,1380.0,16.0,,
33,367.0,416.0,1171.0,673.0,,,1795.0,967.0,,23.0,8813.0,822.0,473.0,1572.0,,1066.0,169.0,,37.0,,5.0,397.0,1073.0,,6836.0,,661.0,528.0,,1.0,855.0,14.0,,12.0,,4815.0,14399,2776.0,539.0,654.0,963.0,862.0,,662.0,4190.0,2577.0,,,2967.0,3995.0,,51.0,,1097.0,85.0,,7.0,17.0,,87.0,121.0,111.0,641.0,,1375.0,,,,214.0,438.0,,57.0,,426.0,895.0,1220.0,5.0,3512.0,630.0,4604.0,,3619.0,2502.0,105.0,59.0,397.0,1470.0,225.0,480.0,266.0,577.0,438.0,81.0,,80.0,955.0,3115.0,,,22.0,19.0,,370.0,7.0,,3441.0,1560.0,93.0,31.0,,1545.0,,,16.0,1.0,12595.0,,1015.0,,,318.0,,4226.0,231.0,2450.0,3234.0,,159.0,5256.0,5.0,4848.0,10524.0,,1832.0,2460.0,138.0,236.0,,2795.0,278.0,3380.0,11.0,,91.0,,1055.0,135.0,1934.0,,200.0,1.0,32.0,,35.0,14274.0,148.0,34.0,81.0,113.0,671.0,69392.0,,,4161.0,19.0,51.0,35.0,552.0,1450.0,16.0,,
34,423.0,433.0,1251.0,682.0,,,1894.0,1013.0,,23.0,9618.0,926.0,500.0,1838.0,,1486.0,200.0,,,,5.0,441.0,1100.0,,7910.0,,675.0,542.0,,1.0,855.0,16.0,,12.0,,5116.0,17211,2852.0,558.0,688.0,1011.0,923.0,,695.0,4472.0,2860.0,,,3167.0,4450.0,,79.0,,1108.0,92.0,,12.0,38.0,,95.0,148.0,129.0,641.0,,1514.0,,,,235.0,477.0,,63.0,,442.0,980.0,1319.0,6.0,3842.0,694.0,5111.0,,4247.0,3089.0,125.0,59.0,401.0,1591.0,234.0,510.0,289.0,589.0,446.0,,,81.0,999.0,3223.0,,,23.0,20.0,,378.0,7.0,,3844.0,1662.0,93.0,31.0,,1661.0,,,16.0,1.0,13614.0,,1035.0,,,323.0,,4447.0,277.0,3277.0,3400.0,,161.0,5897.0,6.0,5205.0,11278.0,,2057.0,2738.0,143.0,245.0,,2932.0,280.0,3630.0,11.0,,93.0,,1091.0,,2003.0,,261.0,1.0,32.0,,61.0,15412.0,,34.0,81.0,114.0,685.0,74193.0,,,4462.0,21.0,85.0,35.0,570.0,1495.0,16.0,,
35,484.0,446.0,1320.0,696.0,,,1975.0,1039.0,,25.0,10182.0,991.0,515.0,2144.0,,1981.0,239.0,,,,5.0,465.0,1152.0,,9056.0,,685.0,543.0,,2.0,855.0,20.0,,,,5546.0,20448,2979.0,577.0,742.0,1079.0,986.0,,715.0,4587.0,3107.0,,,3286.0,4965.0,,79.0,,1149.0,96.0,,19.0,57.0,,108.0,157.0,157.0,641.0,,1613.0,,,,257.0,477.0,,63.0,,457.0,1190.0,1364.0,28.0,4241.0,694.0,5364.0,,4473.0,3858.0,143.0,66.0,402.0,1654.0,246.0,,317.0,612.0,463.0,,,81.0,1053.0,3270.0,,,25.0,20.0,,384.0,7.0,,4219.0,1712.0,93.0,,,1763.0,,,16.0,1.0,14697.0,,1049.0,,,343.0,,4665.0,298.0,3864.0,3472.0,,174.0,6848.0,10.0,5575.0,11730.0,,2210.0,3183.0,144.0,251.0,,3287.0,291.0,3630.0,11.0,,96.0,,1124.0,,2028.0,,374.0,2.0,32.0,,137.0,16108.0,,34.0,83.0,114.0,707.0,78546.0,,,5106.0,21.0,115.0,53.0,588.0,,16.0,,
36,521.0,467.0,1423.0,704.0,,,2137.0,1111.0,,26.0,10711.0,1058.0,567.0,,,2226.0,267.0,,,,5.0,493.0,1210.0,,10278.0,,713.0,557.0,,3.0,1016.0,24.0,,,,5972.0,24320,3105.0,595.0,801.0,1126.0,,,735.0,4822.0,3386.0,,,3614.0,7161.0,,,,1185.0,105.0,,30.0,100.0,,109.0,174.0,196.0,834.0,,1673.0,,,,,,,,,472.0,1310.0,1417.0,29.0,4557.0,772.0,5709.0,,4916.0,4636.0,163.0,84.0,407.0,,262.0,,342.0,630.0,479.0,,,81.0,1062.0,3281.0,,,25.0,21.0,,393.0,,,4661.0,1934.0,93.0,,,1888.0,,,,1.0,15723.0,,1064.0,,,373.0,,4935.0,371.0,4072.0,3574.0,,174.0,7519.0,33.0,5955.0,12442.0,,2376.0,3613.0,,259.0,,3651.0,299.0,4054.0,,,98.0,,1160.0,,2173.0,,430.0,3.0,66.0,,161.0,17070.0,,35.0,84.0,114.0,726.0,82329.0,,,5449.0,27.0,163.0,53.0,,,16.0,,
37,555.0,475.0,1468.0,,,,2203.0,1159.0,,29.0,11129.0,1098.0,569.0,,,2578.0,314.0,,,,,520.0,1254.0,,11130.0,,747.0,565.0,,5.0,1016.0,27.0,,,,6501.0,28047,3233.0,612.0,,1182.0,,,735.0,5017.0,3757.0,,,3755.0,7257.0,,,,1207.0,,,40.0,130.0,,,188.0,262.0,,,1735.0,,,,,,,,,,1410.0,1486.0,31.0,4839.0,772.0,6224.0,,5591.0,5883.0,173.0,93.0,413.0,,,,342.0,651.0,494.0,,,81.0,1070.0,3292.0,,,29.0,21.0,,399.0,,,5014.0,2049.0,94.0,,,2024.0,,,,1.0,16627.0,,1072.0,,,407.0,,5208.0,419.0,4322.0,3751.0,,202.0,7519.0,33.0,6356.0,13141.0,,2512.0,3864.0,,266.0,,4033.0,314.0,4873.0,,,102.0,,1188.0,,2272.0,,589.0,6.0,,,203.0,18194.0,,35.0,,114.0,747.0,,,,,29.0,206.0,59.0,,,16.0,,
38,607.0,494.0,1572.0,,,,2272.0,1201.0,,33.0,11525.0,1148.0,643.0,,,2919.0,399.0,,,,,,,,12056.0,,800.0,,,7.0,,30.0,,,,6927.0,31207,3439.0,618.0,,1222.0,,,761.0,5312.0,4077.0,,,4126.0,7466.0,,,,1258.0,,,59.0,178.0,,,196.0,400.0,,,1755.0,,,,,,,,,,1458.0,1562.0,34.0,5136.0,878.0,7393.0,,6252.0,7375.0,,105.0,,,,,479.0,655.0,494.0,,,81.0,1070.0,3307.0,,,36.0,25.0,,412.0,,,5399.0,2154.0,94.0,,,2283.0,,,,1.0,17851.0,,1078.0,,,442.0,,5510.0,419.0,4601.0,4016.0,,202.0,10303.0,49.0,6674.0,13956.0,,2728.0,4057.0,,277.0,,4462.0,335.0,5318.0,,,106.0,,1205.0,,2415.0,,1204.0,11.0,,,248.0,19227.0,,35.0,,,780.0,,,,,45.0,273.0,60.0,,,16.0,,
39,665.0,518.0,1666.0,,,,2432.0,1248.0,,41.0,11766.0,1197.0,643.0,,,3281.0,559.0,,,,,,,,13717.0,,846.0,,,12.0,,33.0,,,,7213.0,34625,3621.0,626.0,,1282.0,,,,5569.0,4369.0,,,4335.0,7529.0,,,,1304.0,,,155.0,212.0,,,211.0,684.0,,,1832.0,,,,,,,,,,1512.0,1586.0,44.0,5516.0,961.0,8089.0,,7428.0,9172.0,,132.0,,,,,556.0,657.0,520.0,,,82.0,1091.0,3373.0,,,50.0,29.0,,422.0,,,5847.0,2264.0,,,,2564.0,,,,1.0,18803.0,,1084.0,,,493.0,,5640.0,457.0,4788.0,4210.0,,,11475.0,52.0,6934.0,15472.0,,2979.0,4417.0,,279.0,,4934.0,342.0,5690.0,,,108.0,,1212.0,,2506.0,,1639.0,19.0,,,326.0,20201.0,,35.0,,,822.0,,,,,59.0,321.0,66.0,,,17.0,,
40,714.0,539.0,1761.0,,,,2432.0,1291.0,,52.0,11983.0,1253.0,688.0,,,3728.0,689.0,,,,,,,,15927.0,,878.0,,,24.0,,45.0,,,,7525.0,37232,,642.0,,1343.0,,,,5732.0,4681.0,,,,7603.0,,,,1309.0,,,183.0,285.0,,,218.0,847.0,,,1884.0,,,,,,,,,,1579.0,1616.0,50.0,5923.0,1031.0,8928.0,,8018.0,10149.0,,144.0,,,,,665.0,666.0,527.0,,,,1149.0,3444.0,,,50.0,35.0,,426.0,,,6297.0,2351.0,,,,2685.0,,,,1.0,19580.0,,1086.0,,,542.0,,5755.0,484.0,5038.0,4273.0,,,12491.0,64.0,7202.0,15987.0,,3231.0,4761.0,,308.0,,5369.0,350.0,5994.0,,,110.0,,1220.0,,2605.0,,2140.0,29.0,,,462.0,21022.0,,35.0,,,864.0,,,,,74.0,373.0,69.0,,,21.0,,
41,784.0,548.0,1825.0,,,,2560.0,,,59.0,12297.0,1283.0,700.0,,,4204.0,886.0,,,,,,,,17857.0,,,,,24.0,,51.0,,,,7917.0,40206,,649.0,,1407.0,,,,5902.0,5071.0,,,,7858.0,,,,1332.0,,,210.0,423.0,,,234.0,902.0,,,1955.0,,,,,,,,,,1652.0,1648.0,73.0,6248.0,1031.0,9655.0,,8430.0,12462.0,,144.0,,,,,743.0,675.0,541.0,,,,1239.0,3480.0,,,83.0,,,,,,6875.0,,,,,,,,,1.0,20549.0,,1094.0,,,,,5863.0,546.0,5374.0,,,,13489.0,111.0,7582.0,16585.0,,3428.0,5202.0,,333.0,,5862.0,,,,,112.0,,1248.0,,2783.0,,3004.0,42.0,,,620.0,21574.0,,35.0,,,866.0,,,,,85.0,456.0,89.0,,,30.0,,
42,794.0,,1914.0,,,,2658.0,,,63.0,12640.0,1340.0,756.0,,,4779.0,1085.0,,,,,,,,19638.0,,,,,24.0,,57.0,,,,8273.0,42696,,655.0,,1495.0,,,,5991.0,5402.0,,,,8225.0,,,,1373.0,,,267.0,613.0,,,242.0,1139.0,,,2011.0,,,,,,,,,,1763.0,1675.0,75.0,,1202.0,10647.0,,8904.0,15113.0,,164.0,,,,,855.0,682.0,548.0,,,,1298.0,3537.0,,,93.0,,,,,,7497.0,,,,,,,,,1.0,21762.0,,1098.0,,,,,6010.0,599.0,5716.0,,,,14420.0,140.0,7918.0,16934.0,,3711.0,5467.0,,344.0,,6380.0,,,,,117.0,,1268.0,,3034.0,,4231.0,42.0,,,775.0,22164.0,,35.0,,,,,,,,85.0,590.0,103.0,,,31.0,,
43,845.0,,1983.0,,,,2828.0,,,74.0,12969.0,1373.0,811.0,,,4779.0,1243.0,,,,,,,,20727.0,,,,,24.0,,62.0,,,,8807.0,44724,,,,1534.0,,,,6059.0,5635.0,,,,8450.0,,,,1402.0,,,272.0,716.0,,,257.0,1296.0,,,2081.0,,,,,,,,,,1834.0,1689.0,83.0,,1232.0,11479.0,,9248.0,17660.0,,186.0,,,,,910.0,712.0,575.0,,,,,,,,99.0,,,,,,,,,,,,,,,1.0,23097.0,,,,,,,6160.0,813.0,5988.0,,,,,142.0,8379.0,17448.0,,4103.0,5990.0,,356.0,,7142.0,,,,,130.0,,1304.0,,,,5753.0,53.0,,,924.0,22710.0,,37.0,,,,,,,,86.0,707.0,125.0,,,35.0,,
44,908.0,,2070.0,,,,,,,80.0,13248.0,,823.0,,,,1486.0,,,,,,,,22169.0,,,,,47.0,,77.0,,,,9252.0,59865,,,,1600.0,,,,6141.0,5819.0,,,,9022.0,,,,1434.0,,,319.0,1126.0,,,272.0,1567.0,,,2114.0,,,,,,,,,,1916.0,1701.0,90.0,,1279.0,12547.0,,9404.0,21157.0,,210.0,,,,,993.0,,582.0,,,,,,,,117.0,,,,,,,,,,,,,,,1.0,24413.0,,,,,,,6244.0,910.0,6505.0,,,,,187.0,8742.0,18091.0,,4663.0,6300.0,,356.0,,8274.0,,,,,138.0,,1317.0,,,,7753.0,66.0,,,1032.0,23495.0,,40.0,,,,,,,,98.0,1140.0,159.0,,,39.0,,
45,,,2160.0,,,,,,,100.0,13560.0,,887.0,,,,1795.0,,,,,,,,23430.0,,,,,51.0,,93.0,,,,9730.0,64021,,,,1650.0,,,,6303.0,5996.0,,,,,,,,1459.0,,,369.0,1412.0,,,300.0,2369.0,,,2145.0,,,,,,,,,,,1711.0,93.0,,1318.0,13271.0,,9968.0,23980.0,,230.0,,,,,1154.0,,609.0,,,,,,,,129.0,,,,,,,,,,,,,,,1.0,25587.0,,,,,,,6320.0,910.0,7025.0,,,,,202.0,,18841.0,,5008.0,6633.0,,356.0,,,,,,,150.0,,,,,,9191.0,78.0,,,1121.0,24228.0,,40.0,,,,,,,,113.0,1391.0,233.0,,,44.0,,
46,,,2268.0,,,,,,,112.0,13807.0,,998.0,,,,2257.0,,,,,,,,25262.0,,,,,86.0,,103.0,,,,,66559,,,,1704.0,,,,6433.0,6174.0,,,,,,,,1512.0,,,400.0,1784.0,,,306.0,3062.0,,,2170.0,,,,,,,,,,,1720.0,125.0,,1352.0,13980.0,,10408.0,27980.0,,239.0,,,,,1234.0,,619.0,,,,,,,,149.0,,,,,,,,,,,,,,,2.0,26551.0,,,,,,,6415.0,1019.0,7481.0,,,,,230.0,,19022.0,,,6879.0,,372.0,,,,,,,160.0,,,,,,11178.0,87.0,,,1167.0,24820.0,,40.0,,,,,,,,113.0,1543.0,338.0,,,49.0,,
47,,,2418.0,,,,,,,126.0,13937.0,,1040.0,,,,2815.0,,,,,,,,28320.0,,,,,87.0,,138.0,,,,,68566,,,,1741.0,,,,6549.0,6318.0,,,,,,,,,,,450.0,2281.0,,,348.0,3795.0,,,2192.0,,,,,,,,,,,1727.0,137.0,,1378.0,14758.0,,10743.0,31506.0,,254.0,,,,,1300.0,,630.0,,,,,,,,158.0,,,,,,,,,,,,,,,3.0,27419.0,,,,,,,6488.0,1069.0,7993.0,,,,,230.0,,19685.0,,,7216.0,,392.0,,,,,,,166.0,,,,,,13716.0,97.0,,,1301.0,25220.0,,42.0,,,,,,,,140.0,1950.0,433.0,,,53.0,,
48,,,2535.0,,,,,,,156.0,14043.0,,1136.0,,,,3401.0,,,,,,,,30425.0,,,,,91.0,,176.0,,,,,70618,,,,1791.0,,,,6654.0,6511.0,,,,,,,,,,,521.0,2876.0,,,370.0,4838.0,,,2207.0,,,,,,,,,,,1739.0,165.0,,1400.0,,,11145.0,35713.0,,254.0,,,,,1355.0,,632.0,,,,,,,,197.0,,,,,,,,,,,,,,,3.0,28153.0,,,,,,,6566.0,1180.0,,,,,,380.0,,,,,7707.0,,426.0,,,,,,,178.0,,,,,,17147.0,102.0,,,1423.0,25499.0,,42.0,,,,,,,,140.0,2630.0,554.0,,,57.0,,
49,,,,,,,,,,197.0,14234.0,,1361.0,,,,3743.0,,,,,,,,33682.0,,,,,96.0,,244.0,,,,,72508,,,,1814.0,,,,,6681.0,,,,,,,,,,,626.0,3661.0,,,388.0,6012.0,,,2207.0,,,,,,,,,,,1754.0,191.0,,1415.0,,,11586.0,41035.0,,268.0,,,,,1405.0,,641.0,,,,,,,,238.0,,,,,,,,,,,,,,,3.0,29214.0,,,,,,,6677.0,,,,,,,380.0,,,,,8067.0,,435.0,,,,,,,187.0,,,,,,19980.0,102.0,,,1623.0,25753.0,,43.0,,,,,,,,153.0,3277.0,754.0,,,61.0,,
50,,,,,,,,,,249.0,14370.0,,1528.0,,,,4269.0,,,,,,,,36599.0,,,,,98.0,,304.0,,,,,74258,,,,1832.0,,,,,6879.0,,,,,,,,,,,700.0,4499.0,,,,7156.0,,,2207.0,,,,,,,,,,,1760.0,231.0,,1434.0,,,12046.0,47021.0,,317.0,,,,,1524.0,,658.0,,,,,,,,428.0,,,,,,,,,,,,,,,3.0,30449.0,,,,,,,6791.0,,,,,,,462.0,,,,,8418.0,,455.0,,,,,,,200.0,,,,,,24926.0,106.0,,,1746.0,26336.0,,47.0,,,,,,,,153.0,3983.0,1025.0,,,61.0,,
51,,,,,,,,,,298.0,14448.0,,1673.0,,,,4937.0,,,,,,,,,,,,,102.0,,424.0,,,,,74652,,,,,,,,,7073.0,,,,,,,,,,,792.0,5423.0,,,,8198.0,,,,,,,,,,,,,,,320.0,,1482.0,,,12501.0,53578.0,,349.0,,,,,1658.0,,663.0,,,,,,,,553.0,,,,,,,,,,,,,,,5.0,31589.0,,,,,,,6791.0,,,,,,,552.0,,,,,,,,,,,,,,214.0,,,,,,28572.0,106.0,,,1906.0,26651.0,,50.0,,,,,,,,198.0,5018.0,1312.0,,,76.0,,
52,,,,,,,,,,375.0,14603.0,,1700.0,,,,6235.0,,,,,,,,,,,,,103.0,,569.0,,,,,75543,,,,,,,,,7242.0,,,,,,,,,,,880.0,6633.0,,,,14138.0,,,,,,,,,,,,,,,439.0,,1482.0,,,12758.0,59138.0,,408.0,,,,,1752.0,,668.0,,,,,,,,673.0,,,,,,,,,,,,,,,5.0,,,,,,,,6984.0,,,,,,,636.0,,,,,,,,,,,,,,226.0,,,,,,33089.0,115.0,,,2016.0,26997.0,,59.0,,,,,,,,248.0,5683.0,1663.0,,,85.0,,
53,,,,,,,,,,454.0,14662.0,,1744.0,,,,7284.0,,,,,,,,,,,,,107.0,,690.0,,,,,76369,,,,,,,,,,,,,,,,,,,,958.0,7730.0,,,,18187.0,,,,,,,,,,,,,,,492.0,,,,,12982.0,63927.0,,455.0,,,,,,,672.0,,,,,,,,790.0,,,,,,,,,,,,,,,5.0,,,,,,,,,,,,,,,707.0,,,,,,,,,,,,,,243.0,,,,,,39673.0,120.0,,,2272.0,27322.0,,70.0,,,,,,,,333.0,6650.0,2174.0,,,87.0,,
54,,,,,,,,,,565.0,,,1773.0,,,,9134.0,,,,,,,,,,,,,109.0,,846.0,,,,,77016,,,,,,,,,,,,,,,,,,,,1025.0,9134.0,,,,21463.0,,,,,,,,,,,,,,,562.0,,,,,13265.0,69176.0,,488.0,,,,,,,,,,,,,,,900.0,,,,,,,,,,,,,,,5.0,,,,,,,,,,,,,,,803.0,,,,,,,,,,,,,,266.0,,,,,,47610.0,120.0,,,2510.0,,,82.0,,,,,,,,333.0,8077.0,2951.0,,,94.0,,
55,,,,,,,,,,709.0,,,,,,,10836.0,,,,,,,,,,,,,109.0,,971.0,,,,,77234,,,,,,,,,,,,,,,,,,,,1218.0,10995.0,,,,24774.0,,,,,,,,,,,,,,,649.0,,,,,,74386.0,,514.0,,,,,,,,,,,,,,,1030.0,,,,,,,,,,,,,,,5.0,,,,,,,,,,,,,,,1075.0,,,,,,,,,,,,,,313.0,,,,,,56188.0,122.0,,,2806.0,,,82.0,,,,,,,,405.0,9529.0,3774.0,,,118.0,,
56,,,,,,,,,,874.0,,,,,,,11899.0,,,,,,,,,,,,,110.0,,1302.0,,,,,77749,,,,,,,,,,,,,,,,,,,,1218.0,12612.0,,,,29212.0,,,,,,,,,,,,,,,724.0,,,,,,80539.0,,568.0,,,,,,,,,,,,,,,1183.0,,,,,,,,,,,,,,,5.0,,,,,,,,,,,,,,,1418.0,,,,,,,,,,,,,,345.0,,,,,,64059.0,143.0,,,3046.0,,,114.0,,,,,,,,468.0,11658.0,4661.0,,,123.0,,
57,,,,,,,,,,1098.0,,,,,,,12775.0,,,,,,,,,,,,,114.0,,1430.0,,,,,78159,,,,,,,,,,,,,,,,,,,,1313.0,14459.0,,,,31554.0,,,,,,,,,,,,,,,873.0,,,,,,86498.0,,619.0,,,,,,,,,,,,,,,1306.0,,,,,,,,,,,,,,,6.0,,,,,,,,,,,,,,,2084.0,,,,,,,,,,,,,,385.0,,,,,,72248.0,148.0,,,3447.0,,,177.0,,,,,,,,468.0,14543.0,6427.0,,,134.0,,
58,,,,,,,,,,1709.0,,,,,,,13964.0,,,,,,,,,,,,,114.0,,1646.0,,,,,78598,,,,,,,,,,,,,,,,,,,,1384.0,16018.0,,,,36508.0,,,,,,,,,,,,,,,979.0,,,,,,92472.0,,675.0,,,,,,,,,,,,,,,1518.0,,,,,,,,,,,,,,,6.0,,,,,,,,,,,,,,,2084.0,,,,,,,,,,,,,,432.0,,,,,,78797.0,151.0,,,3700.0,,,177.0,,,,,,,,611.0,17089.0,9415.0,,,148.0,,
59,,,,,,,,,,1823.0,,,,,,,15348.0,,,,,,,,,,,,,114.0,,1959.0,,,,,78927,,,,,,,,,,,,,,,,,,,,1446.0,19856.0,,,,42288.0,,,,,,,,,,,,,,,1071.0,,,,,,97689.0,,737.0,,,,,,,,,,,,,,,1624.0,,,,,,,,,,,,,,,9.0,,,,,,,,,,,,,,,2311.0,,,,,,,,,,,,,,455.0,,,,,,85195.0,159.0,,,4028.0,,,177.0,,,,,,,,664.0,19522.0,14250.0,,,153.0,,
60,,,,,,,,,,2423.0,,,,,,,16770.0,,,,,,,,,,,,,114.0,,3385.0,,,,,79355,,,,,,,,,,,,,,,,,,,,1518.0,22302.0,,,,48582.0,,,,,,,,,,,,,,,1251.0,,,,,,101739.0,,780.0,,,,,,,,,,,,,,,1796.0,,,,,,,,,,,,,,,9.0,,,,,,,,,,,,,,,2633.0,,,,,,,,,,,,,,509.0,,,,,,94417.0,166.0,,,4435.0,,,212.0,,,,,,,,664.0,22141.0,19624.0,,,169.0,,
61,,,,,,,,,,2799.0,,,,,,,18431.0,,,,,,,,,,,,,115.0,,4018.0,,,,,79929,,,,,,,,,,,,,,,,,,,,1615.0,25233.0,,,,52547.0,,,,,,,,,,,,,,,1397.0,,,,,,105792.0,,814.0,,,,,,,,,,,,,,,2031.0,,,,,,,,,,,,,,,9.0,,,,,,,,,,,,,,,3018.0,,,,,,,,,,,,,,558.0,,,,,,102136.0,178.0,,,4947.0,,,366.0,,,,,,,,1024.0,25150.0,26747.0,,,223.0,,
62,,,,,,,,,,3166.0,,,,,,,19691.0,,,,,,,,,,,,,117.0,,4675.0,,,,,80134,,,,,,,,,,,,,,,,,,,,1882.0,29155.0,,,,57298.0,,,,,,,,,,,,,,,1965.0,,,,,,110574.0,,824.0,,,,,,,,,,,,,,,2161.0,,,,,,,,,,,,,,,9.0,,,,,,,,,,,,,,,3094.0,,,,,,,,,,,,,,568.0,,,,,,110238.0,185.0,,,5466.0,,,599.0,,,,,,,,1024.0,29474.0,35206.0,,,228.0,,
63,,,,,,,,,,3378.0,,,,,,,20814.0,,,,,,,,,,,,,118.0,,5386.0,,,,,80261,,,,,,,,,,,,,,,,,,,,1927.0,32964.0,,,,61913.0,,,,,,,,,,,,,,,2301.0,,,,,,115242.0,,829.0,,,,,,,,,,,,,,,2320.0,,,,,,,,,,,,,,,9.0,,,,,,,,,,,,,,,3246.0,,,,,,,,,,,,,,594.0,,,,,,117710.0,189.0,,,6078.0,,,721.0,,,,,,,,1505.0,33718.0,46442.0,,,229.0,,
64,,,,,,,,,,3809.0,,,,,,,22194.0,,,,,,,,,,,,,119.0,,6255.0,,,,,80380,,,,,,,,,,,,,,,,,,,,2176.0,37575.0,,,,67366.0,,,,,,,,,,,,,,,2902.0,,,,,,119827.0,,873.0,,,,,,,,,,,,,,,2470.0,,,,,,,,,,,,,,,9.0,,,,,,,,,,,,,,,3660.0,,,,,,,,,,,,,,732.0,,,,,,124736.0,190.0,,,6443.0,,,827.0,,,,,,,,1799.0,38168.0,55231.0,,,229.0,,
65,,,,,,,,,,4093.0,,,,,,,23403.0,,,,,,,,,,,,,120.0,,7424.0,,,,,80497,,,,,,,,,,,,,,,,,,,,2308.0,40174.0,,,,73522.0,,,,,,,,,,,,,,,3374.0,,,,,,124632.0,,950.0,,,,,,,,,,,,,,,2626.0,,,,,,,,,,,,,,,9.0,,,,,,,,,,,,,,,3764.0,,,,,,,,,,,,,,803.0,,,,,,130759.0,197.0,,,6830.0,,,934.0,,,,,,,,2076.0,41903.0,69194.0,,,235.0,,
66,,,,,,,,,,4557.0,,,,,,,24983.0,,,,,,,,,,,,,122.0,,8536.0,,,,,80667,,,,,,,,,,,,,,,,,,,,2487.0,44550.0,,,,79696.0,,,,,,,,,,,,,,,4067.0,,,,,,128948.0,,1007.0,,,,,,,,,,,,,,,2626.0,,,,,,,,,,,,,,,12.0,,,,,,,,,,,,,,,3870.0,,,,,,,,,,,,,,844.0,,,,,,135032.0,199.0,,,7206.0,,,1045.0,,,,,,,,2359.0,47806.0,85991.0,,,239.0,,
67,,,,,,,,,,4707.0,,,,,,,26667.0,,,,,,,,,,,,,122.0,,9595.0,,,,,80768,,,,,,,,,,,,,,,,,,,,2605.0,52128.0,,,,85778.0,,,,,,,,,,,,,,,4421.0,,,,,,132547.0,,1046.0,,,,,,,,,,,,,,,2908.0,,,,,,,,,,,,,,,14.0,,,,,,,,,,,,,,,4076.0,,,,,,,,,,,,,,844.0,,,,,,140510.0,210.0,,,7693.0,,,1136.0,,,,,,,,2659.0,51608.0,104686.0,,,239.0,,
68,,,,,,,,,,4976.0,,,,,,,28018.0,,,,,,,,,,,,,122.0,,11268.0,,,,,80814,,,,,,,,,,,,,,,,,,,,2769.0,56989.0,,,,91714.0,,,,,,,,,,,,,,,5194.0,,,,,,135586.0,,1089.0,,,,,,,,,,,,,,,3116.0,,,,,,,,,,,,,,,16.0,,,,,,,,,,,,,,,4076.0,,,,,,,,,,,,,,879.0,,,,,,146690.0,218.0,,,8419.0,,,1136.0,,,,,,,,2990.0,55242.0,124665.0,,,240.0,,
69,,,,,,,,,,5224.0,,,,,,,29647.0,,,,,,,,,,,,,122.0,,12519.0,,,,,80859,,,,,,,,,,,,,,,,,,,,2905.0,59105.0,,,,95391.0,,,,,,,,,,,,,,,5734.0,,,,,,139422.0,,1128.0,,,,,,,,,,,,,,,3333.0,,,,,,,,,,,,,,,16.0,,,,,,,,,,,,,,,4428.0,,,,,,,,,,,,,,1000.0,,,,,,152446.0,233.0,,,9141.0,,,1245.0,,,,,,,,3360.0,60733.0,143025.0,,,241.0,,
70,,,,,,,,,,5548.0,,,,,,,30589.0,,,,,,,,,,,,,122.0,,13882.0,,,,,80879,,,,,,,,,,,,,,,,,,,,2974.0,64338.0,,,,99225.0,,,,,,,,,,,,,,,6412.0,,,,,,143626.0,,1193.0,,,,,,,,,,,,,,,3483.0,,,,,,,,,,,,,,,16.0,,,,,,,,,,,,,,,4648.0,,,,,,,,,,,,,,1049.0,,,,,,157022.0,237.0,,,9685.0,,,1388.0,,,,,,,,3736.0,65077.0,164620.0,,,245.0,,
71,,,,,,,,,,5687.0,,,,,,,31119.0,,,,,,,,,,,,,122.0,,15496.0,,,,,80908,,,,,,,,,,,,,,,,,,,,3064.0,68605.0,,,,103228.0,,,,,,,,,,,,,,,7447.0,,,,,,147577.0,,1268.0,,,,,,,,,,,,,,,3662.0,,,,,,,,,,,,,,,30.0,,,,,,,,,,,,,,,4932.0,,,,,,,,,,,,,,1114.0,,,,,,161852.0,238.0,,,10151.0,,,1651.0,,,,,,,,4123.0,70272.0,189618.0,,,251.0,,
72,,,,,,,,,,5744.0,,,,,,,33573.0,,,,,,,,,,,,,122.0,,16653.0,,,,,80932,,,,,,,,,,,,,,,,,,,,3161.0,70478.0,,,,108202.0,,,,,,,,,,,,,,,8356.0,,,,,,152271.0,,1364.0,,,,,,,,,,,,,,,3793.0,,,,,,,,,,,,,,,31.0,,,,,,,,,,,,,,,5223.0,,,,,,,,,,,,,,1189.0,,,,,,166019.0,244.0,,,10483.0,,,1651.0,,,,,,,,4521.0,78991.0,216721.0,,,251.0,,
73,,,,,,,,,,5844.0,,,,,,,34809.0,,,,,,,,,,,,,122.0,,17883.0,,,,,80954,,,,,,,,,,,,,,,,,,,,3237.0,74390.0,,,,113525.0,,,,,,,,,,,,,,,9152.0,,,,,,156363.0,,1499.0,,,,,,,,,,,,,,,3963.0,,,,,,,,,,,,,,,,,,,,,,,,,,,,,,5453.0,,,,,,,,,,,,,,1309.0,,,,,,169496.0,254.0,,,10948.0,,,1771.0,,,,,,,,4933.0,84279.0,245540.0,,,255.0,,
74,,,,,,,,,,5956.0,,,,,,,36138.0,,,,,,,,,,,,,,,19274.0,,,,,80973,,,,,,,,,,,,,,,,,,,,3369.0,78167.0,,,,117658.0,,,,,,,,,,,,,,,10363.0,,,,,,159516.0,,1693.0,,,,,,,,,,,,,,,4119.0,,,,,,,,,,,,,,,,,,,,,,,,,,,,,,5660.0,,,,,,,,,,,,,,1375.0,,,,,,172541.0,,,,11445.0,,,1875.0,,,,,,,,5365.0,88621.0,277965.0,,,257.0,,
75,,,,,,,,,,6052.0,,,,,,,37183.0,,,,,,,,,,,,,,,20748.0,,,,,80995,,,,,,,,,,,,,,,,,,,,3489.0,82048.0,,,,120479.0,,,,,,,,,,,,,,,11438.0,,,,,,162488.0,,1866.0,,,,,,,,,,,,,,,4228.0,,,,,,,,,,,,,,,,,,,,,,,,,,,,,,5878.0,,,,,,,,,,,,,,1481.0,,,,,,177633.0,,,,11927.0,,,1978.0,,,,,,,,5825.0,93873.0,312237.0,,,258.0,,
76,,,,,,,,,,6152.0,,,,,,,,,,,,,,,,,,,,,,22133.0,,,,,81020,,,,,,,,,,,,,,,,,,,,3681.0,86334.0,,,,123016.0,,,,,,,,,,,,,,,12380.0,,,,,,165155.0,,1953.0,,,,,,,,,,,,,,,4346.0,,,,,,,,,,,,,,,,,,,,,,,,,,,,,,6087.0,,,,,,,,,,,,,,1623.0,,,,,,182816.0,,,,12540.0,,,2169.0,,,,,,,,5825.0,98476.0,337635.0,,,262.0,,
77,,,,,,,,,,6238.0,,,,,,,,,,,,,,,,,,,,,,23301.0,,,,,81063,,,,,,,,,,,,,,,,,,,,,90676.0,,,,125098.0,,,,,,,,,,,,,,,13387.0,,,,,,168941.0,,1953.0,,,,,,,,,,,,,,,4530.0,,,,,,,,,,,,,,,,,,,,,,,,,,,,,,,,,,,,,,,,,,,,1909.0,,,,,,188068.0,,,,13216.0,,,2220.0,,,,,,,,6302.0,103093.0,368196.0,,,265.0,,
78,,,,,,,,,,6289.0,,,,,,,,,,,,,,,,,,,,,,24365.0,,,,,81086,,,,,,,,,,,,,,,,,,,,,93790.0,,,,127584.0,,,,,,,,,,,,,,,14378.0,,,,,,172434.0,,2178.0,,,,,,,,,,,,,,,4683.0,,,,,,,,,,,,,,,,,,,,,,,,,,,,,,,,,,,,,,,,,,,,1909.0,,,,,,191726.0,,,,13822.0,,,2258.0,,,,,,,,,108692.0,398809.0,,,274.0,,
79,,,,,,,,,,6322.0,,,,,,,,,,,,,,,,,,,,,,25663.0,,,,,81130,,,,,,,,,,,,,,,,,,,,,95403.0,,,,130450.0,,,,,,,,,,,,,,,15712.0,,,,,,175925.0,,2617.0,,,,,,,,,,,,,,,4817.0,,,,,,,,,,,,,,,,,,,,,,,,,,,,,,,,,,,,,,,,,,,,2299.0,,,,,,,,,,,,,2369.0,,,,,,,,,114217.0,432132.0,,,275.0,,
80,,,,,,,,,,6366.0,,,,,,,,,,,,,,,,,,,,,,27046.0,,,,,81229,,,,,,,,,,,,,,,,,,,,,98076.0,,,,133830.0,,,,,,,,,,,,,,,,,,,,,,,2935.0,,,,,,,,,,,,,,,4987.0,,,,,,,,,,,,,,,,,,,,,,,,,,,,,,,,,,,,,,,,,,,,2532.0,,,,,,,,,,,,,2423.0,,,,,,,,,,466033.0,,,275.0,,
81,,,,,,,,,,6416.0,,,,,,,,,,,,,,,,,,,,,,28364.0,,,,,81281,,,,,,,,,,,,,,,,,,,,,103573.0,,,,137439.0,,,,,,,,,,,,,,,,,,,,,,,3271.0,,,,,,,,,,,,,,,5072.0,,,,,,,,,,,,,,,,,,,,,,,,,,,,,,,,,,,,,,,,,,,,2918.0,,,,,,,,,,,,,2473.0,,,,,,,,,,501560.0,,,276.0,,
82,,,,,,,,,,6458.0,,,,,,,,,,,,,,,,,,,,,,30081.0,,,,,81346,,,,,,,,,,,,,,,,,,,,,106206.0,,,,139897.0,,,,,,,,,,,,,,,,,,,,,,,3654.0,,,,,,,,,,,,,,,5182.0,,,,,,,,,,,,,,,,,,,,,,,,,,,,,,,,,,,,,,,,,,,,3252.0,,,,,,,,,,,,,2518.0,,,,,,,,,,529951.0,,,276.0,,
83,,,,,,,,,,6497.0,,,,,,,,,,,,,,,,,,,,,,31872.0,,,,,81484,,,,,,,,,,,,,,,,,,,,,108847.0,,,,,,,,,,,,,,,,,,,,,,,,,,,3817.0,,,,,,,,,,,,,,,5251.0,,,,,,,,,,,,,,,,,,,,,,,,,,,,,,,,,,,,,,,,,,,,3699.0,,,,,,,,,,,,,2551.0,,,,,,,,,,557571.0,,,,,
84,,,,,,,,,,6533.0,,,,,,,,,,,,,,,,,,,,,,33341.0,,,,,81553,,,,,,,,,,,,,,,,,,,,,109252.0,,,,,,,,,,,,,,,,,,,,,,,,,,,3906.0,,,,,,,,,,,,,,,5305.0,,,,,,,,,,,,,,,,,,,,,,,,,,,,,,,,,,,,,,,,,,,,4427.0,,,,,,,,,,,,,2579.0,,,,,,,,,,582594.0,,,,,
85,,,,,,,,,,6586.0,,,,,,,,,,,,,,,,,,,,,,,,,,,81631,,,,,,,,,,,,,,,,,,,,,111821.0,,,,,,,,,,,,,,,,,,,,,,,,,,,4257.0,,,,,,,,,,,,,,,,,,,,,,,,,,,,,,,,,,,,,,,,,,,,,,,,,,,,,,,,,,,5050.0,,,,,,,,,,,,,2613.0,,,,,,,,,,609516.0,,,,,
86,,,,,,,,,,,,,,,,,,,,,,,,,,,,,,,,,,,,,81733,,,,,,,,,,,,,,,,,,,,,,,,,,,,,,,,,,,,,,,,,,,,,,,,4667.0,,,,,,,,,,,,,,,,,,,,,,,,,,,,,,,,,,,,,,,,,,,,,,,,,,,,,,,,,,,5992.0,,,,,,,,,,,,,2643.0,,,,,,,,,,639664.0,,,,,
87,,,,,,,,,,,,,,,,,,,,,,,,,,,,,,,,,,,,,81827,,,,,,,,,,,,,,,,,,,,,,,,,,,,,,,,,,,,,,,,,,,,,,,,5347.0,,,,,,,,,,,,,,,,,,,,,,,,,,,,,,,,,,,,,,,,,,,,,,,,,,,,,,,,,,,,,,,,,,,,,,,,2672.0,,,,,,,,,,671331.0,,,,,
88,,,,,,,,,,,,,,,,,,,,,,,,,,,,,,,,,,,,,81946,,,,,,,,,,,,,,,,,,,,,,,,,,,,,,,,,,,,,,,,,,,,,,,,6748.0,,,,,,,,,,,,,,,,,,,,,,,,,,,,,,,,,,,,,,,,,,,,,,,,,,,,,,,,,,,,,,,,,,,,,,,,2700.0,,,,,,,,,,702164.0,,,,,
89,,,,,,,,,,,,,,,,,,,,,,,,,,,,,,,,,,,,,82059,,,,,,,,,,,,,,,,,,,,,,,,,,,,,,,,,,,,,,,,,,,,,,,,7255.0,,,,,,,,,,,,,,,,,,,,,,,,,,,,,,,,,,,,,,,,,,,,,,,,,,,,,,,,,,,,,,,,,,,,,,,,2700.0,,,,,,,,,,735086.0,,,,,
90,,,,,,,,,,,,,,,,,,,,,,,,,,,,,,,,,,,,,82157,,,,,,,,,,,,,,,,,,,,,,,,,,,,,,,,,,,,,,,,,,,,,,,,7645.0,,,,,,,,,,,,,,,,,,,,,,,,,,,,,,,,,,,,,,,,,,,,,,,,,,,,,,,,,,,,,,,,,,,,,,,,2733.0,,,,,,,,,,,,,,,
91,,,,,,,,,,,,,,,,,,,,,,,,,,,,,,,,,,,,,82241,,,,,,,,,,,,,,,,,,,,,,,,,,,,,,,,,,,,,,,,,,,,,,,,8100.0,,,,,,,,,,,,,,,,,,,,,,,,,,,,,,,,,,,,,,,,,,,,,,,,,,,,,,,,,,,,,,,,,,,,,,,,,,,,,,,,,,,,,,,
92,,,,,,,,,,,,,,,,,,,,,,,,,,,,,,,,,,,,,82295,,,,,,,,,,,,,,,,,,,,,,,,,,,,,,,,,,,,,,,,,,,,,,,,8582.0,,,,,,,,,,,,,,,,,,,,,,,,,,,,,,,,,,,,,,,,,,,,,,,,,,,,,,,,,,,,,,,,,,,,,,,,,,,,,,,,,,,,,,,
93,,,,,,,,,,,,,,,,,,,,,,,,,,,,,,,,,,,,,82395,,,,,,,,,,,,,,,,,,,,,,,,,,,,,,,,,,,,,,,,,,,,,,,,9167.0,,,,,,,,,,,,,,,,,,,,,,,,,,,,,,,,,,,,,,,,,,,,,,,,,,,,,,,,,,,,,,,,,,,,,,,,,,,,,,,,,,,,,,,
94,,,,,,,,,,,,,,,,,,,,,,,,,,,,,,,,,,,,,82465,,,,,,,,,,,,,,,,,,,,,,,,,,,,,,,,,,,,,,,,,,,,,,,,9795.0,,,,,,,,,,,,,,,,,,,,,,,,,,,,,,,,,,,,,,,,,,,,,,,,,,,,,,,,,,,,,,,,,,,,,,,,,,,,,,,,,,,,,,,
95,,,,,,,,,,,,,,,,,,,,,,,,,,,,,,,,,,,,,82527,,,,,,,,,,,,,,,,,,,,,,,,,,,,,,,,,,,,,,,,,,,,,,,,10361.0,,,,,,,,,,,,,,,,,,,,,,,,,,,,,,,,,,,,,,,,,,,,,,,,,,,,,,,,,,,,,,,,,,,,,,,,,,,,,,,,,,,,,,,
96,,,,,,,,,,,,,,,,,,,,,,,,,,,,,,,,,,,,,82575,,,,,,,,,,,,,,,,,,,,,,,,,,,,,,,,,,,,,,,,,,,,,,,,,,,,,,,,,,,,,,,,,,,,,,,,,,,,,,,,,,,,,,,,,,,,,,,,,,,,,,,,,,,,,,,,,,,,,,,,,,,,,,,,,,,,,,,
97,,,,,,,,,,,,,,,,,,,,,,,,,,,,,,,,,,,,,82642,,,,,,,,,,,,,,,,,,,,,,,,,,,,,,,,,,,,,,,,,,,,,,,,,,,,,,,,,,,,,,,,,,,,,,,,,,,,,,,,,,,,,,,,,,,,,,,,,,,,,,,,,,,,,,,,,,,,,,,,,,,,,,,,,,,,,,,
98,,,,,,,,,,,,,,,,,,,,,,,,,,,,,,,,,,,,,82698,,,,,,,,,,,,,,,,,,,,,,,,,,,,,,,,,,,,,,,,,,,,,,,,,,,,,,,,,,,,,,,,,,,,,,,,,,,,,,,,,,,,,,,,,,,,,,,,,,,,,,,,,,,,,,,,,,,,,,,,,,,,,,,,,,,,,,,
99,,,,,,,,,,,,,,,,,,,,,,,,,,,,,,,,,,,,,82784,,,,,,,,,,,,,,,,,,,,,,,,,,,,,,,,,,,,,,,,,,,,,,,,,,,,,,,,,,,,,,,,,,,,,,,,,,,,,,,,,,,,,,,,,,,,,,,,,,,,,,,,,,,,,,,,,,,,,,,,,,,,,,,,,,,,,,,
100,,,,,,,,,,,,,,,,,,,,,,,,,,,,,,,,,,,,,82870,,,,,,,,,,,,,,,,,,,,,,,,,,,,,,,,,,,,,,,,,,,,,,,,,,,,,,,,,,,,,,,,,,,,,,,,,,,,,,,,,,,,,,,,,,,,,,,,,,,,,,,,,,,,,,,,,,,,,,,,,,,,,,,,,,,,,,,
101,,,,,,,,,,,,,,,,,,,,,,,,,,,,,,,,,,,,,82925,,,,,,,,,,,,,,,,,,,,,,,,,,,,,,,,,,,,,,,,,,,,,,,,,,,,,,,,,,,,,,,,,,,,,,,,,,,,,,,,,,,,,,,,,,,,,,,,,,,,,,,,,,,,,,,,,,,,,,,,,,,,,,,,,,,,,,,
102,,,,,,,,,,,,,,,,,,,,,,,,,,,,,,,,,,,,,83004,,,,,,,,,,,,,,,,,,,,,,,,,,,,,,,,,,,,,,,,,,,,,,,,,,,,,,,,,,,,,,,,,,,,,,,,,,,,,,,,,,,,,,,,,,,,,,,,,,,,,,,,,,,,,,,,,,,,,,,,,,,,,,,,,,,,,,,
103,,,,,,,,,,,,,,,,,,,,,,,,,,,,,,,,,,,,,83097,,,,,,,,,,,,,,,,,,,,,,,,,,,,,,,,,,,,,,,,,,,,,,,,,,,,,,,,,,,,,,,,,,,,,,,,,,,,,,,,,,,,,,,,,,,,,,,,,,,,,,,,,,,,,,,,,,,,,,,,,,,,,,,,,,,,,,,
104,,,,,,,,,,,,,,,,,,,,,,,,,,,,,,,,,,,,,83209,,,,,,,,,,,,,,,,,,,,,,,,,,,,,,,,,,,,,,,,,,,,,,,,,,,,,,,,,,,,,,,,,,,,,,,,,,,,,,,,,,,,,,,,,,,,,,,,,,,,,,,,,,,,,,,,,,,,,,,,,,,,,,,,,,,,,,,
105,,,,,,,,,,,,,,,,,,,,,,,,,,,,,,,,,,,,,83303,,,,,,,,,,,,,,,,,,,,,,,,,,,,,,,,,,,,,,,,,,,,,,,,,,,,,,,,,,,,,,,,,,,,,,,,,,,,,,,,,,,,,,,,,,,,,,,,,,,,,,,,,,,,,,,,,,,,,,,,,,,,,,,,,,,,,,,
106,,,,,,,,,,,,,,,,,,,,,,,,,,,,,,,,,,,,,83352,,,,,,,,,,,,,,,,,,,,,,,,,,,,,,,,,,,,,,,,,,,,,,,,,,,,,,,,,,,,,,,,,,,,,,,,,,,,,,,,,,,,,,,,,,,,,,,,,,,,,,,,,,,,,,,,,,,,,,,,,,,,,,,,,,,,,,,
107,,,,,,,,,,,,,,,,,,,,,,,,,,,,,,,,,,,,,83402,,,,,,,,,,,,,,,,,,,,,,,,,,,,,,,,,,,,,,,,,,,,,,,,,,,,,,,,,,,,,,,,,,,,,,,,,,,,,,,,,,,,,,,,,,,,,,,,,,,,,,,,,,,,,,,,,,,,,,,,,,,,,,,,,,,,,,,
108,,,,,,,,,,,,,,,,,,,,,,,,,,,,,,,,,,,,,83754,,,,,,,,,,,,,,,,,,,,,,,,,,,,,,,,,,,,,,,,,,,,,,,,,,,,,,,,,,,,,,,,,,,,,,,,,,,,,,,,,,,,,,,,,,,,,,,,,,,,,,,,,,,,,,,,,,,,,,,,,,,,,,,,,,,,,,,
109,,,,,,,,,,,,,,,,,,,,,,,,,,,,,,,,,,,,,83785,,,,,,,,,,,,,,,,,,,,,,,,,,,,,,,,,,,,,,,,,,,,,,,,,,,,,,,,,,,,,,,,,,,,,,,,,,,,,,,,,,,,,,,,,,,,,,,,,,,,,,,,,,,,,,,,,,,,,,,,,,,,,,,,,,,,,,,
110,,,,,,,,,,,,,,,,,,,,,,,,,,,,,,,,,,,,,83803,,,,,,,,,,,,,,,,,,,,,,,,,,,,,,,,,,,,,,,,,,,,,,,,,,,,,,,,,,,,,,,,,,,,,,,,,,,,,,,,,,,,,,,,,,,,,,,,,,,,,,,,,,,,,,,,,,,,,,,,,,,,,,,,,,,,,,,
