date,Afghanistan,Albania,Algeria,Andorra,Angola,Argentina,Armenia,Aruba,Australia,Austria,Azerbaijan,Bahrain,Bangladesh,Barbados,Belarus,Belgium,Belize,Benin,Bermuda,Bhutan,Bolivia,Botswana,Brazil,Bulgaria,Burundi,Cambodia,Cameroon,Canada,Chad,Chile,China,Colombia,Croatia,Cuba,Cyprus,Denmark,Djibouti,Dominica,Ecuador,Eritrea,Estonia,Ethiopia,Fiji,Finland,France,Gabon,Georgia,Germany,Ghana,Gibraltar,Greece,Greenland,Grenada,Guam,Guatemala,Guinea,Guyana,Haiti,Honduras,Hungary,Iceland,India,Indonesia,Iraq,Ireland,Israel,Italy,Jamaica,Japan,Jordan,Kazakhstan,Kenya,Kosovo,Kuwait,Latvia,Lebanon,Liberia,Libya,Liechtenstein,Lithuania,Luxembourg,Madagascar,Malawi,Malaysia,Maldives,Mali,Malta,Mauritania,Mauritius,Mexico,Moldova,Monaco,Mongolia,Montenegro,Morocco,Mozambique,Myanmar,Namibia,Nepal,Netherlands,Nicaragua,Niger,Nigeria,Norway,Oman,Pakistan,Panama,Paraguay,Peru,Philippines,Poland,Portugal,Qatar,Romania,Rwanda,Senegal,Serbia,Seychelles,Singapore,Slovenia,Somalia,Spain,Sudan,Suriname,Sweden,Switzerland,Thailand,Togo,Tunisia,Turkey,Uganda,Ukraine,Uruguay,Uzbekistan,Vietnam,Zambia,Zimbabwe
2019-12-31,0.0,,0.0,,,,0.0,,0.0,0.0,0.0,0.0,,,0.0,0.0,,,,,,,0.0,,,0.0,,0.0,,,27.0,,0.0,,,0.0,,,0.0,,0.0,,,0.0,0.0,,0.0,0.0,,,0.0,,,,,,,,,,0.0,0.0,0.0,0.0,0.0,0.0,0.0,,0.0,,,,,0.0,,0.0,,,,0.0,0.0,,,0.0,,,,,,0.0,,0.0,,,,,,,0.0,0.0,,,0.0,0.0,0.0,0.0,,,,0.0,,,0.0,0.0,,,,,0.0,,,0.0,,,0.0,0.0,0.0,,,,,,,,0.0,,
2020-01-01,0.0,,0.0,,,,0.0,,0.0,0.0,0.0,0.0,,,0.0,0.0,,,,,,,0.0,,,0.0,,0.0,,,27.0,,0.0,,,0.0,,,0.0,,0.0,,,0.0,0.0,,0.0,0.0,,,0.0,,,,,,,,,,0.0,0.0,0.0,0.0,0.0,0.0,0.0,,0.0,,,,,0.0,,0.0,,,,0.0,0.0,,,0.0,,,,,,0.0,,0.0,,,,,,,0.0,0.0,,,0.0,0.0,0.0,0.0,,,,0.0,,,0.0,0.0,,,,,0.0,,,0.0,,,0.0,0.0,0.0,,,,,,,,0.0,,
2020-01-02,0.0,,0.0,,,,0.0,,0.0,0.0,0.0,0.0,,,0.0,0.0,,,,,,,0.0,,,0.0,,0.0,,,27.0,,0.0,,,0.0,,,0.0,,0.0,,,0.0,0.0,,0.0,0.0,,,0.0,,,,,,,,,,0.0,0.0,0.0,0.0,0.0,0.0,0.0,,0.0,,,,,0.0,,0.0,,,,0.0,0.0,,,0.0,,,,,,0.0,,0.0,,,,,,,0.0,0.0,,,0.0,0.0,0.0,0.0,,,,0.0,,,0.0,0.0,,,,,0.0,,,0.0,,,0.0,0.0,0.0,,,,,,,,0.0,,
2020-01-03,0.0,,0.0,,,,0.0,,0.0,0.0,0.0,0.0,,,0.0,0.0,,,,,,,0.0,,,0.0,,0.0,,,44.0,,0.0,,,0.0,,,0.0,,0.0,,,0.0,0.0,,0.0,0.0,,,0.0,,,,,,,,,,0.0,0.0,0.0,0.0,0.0,0.0,0.0,,0.0,,,,,0.0,,0.0,,,,0.0,0.0,,,0.0,,,,,,0.0,,0.0,,,,,,,0.0,0.0,,,0.0,0.0,0.0,0.0,,,,0.0,,,0.0,0.0,,,,,0.0,,,0.0,,,0.0,0.0,0.0,,,,,,,,0.0,,
2020-01-04,0.0,,0.0,,,,0.0,,0.0,0.0,0.0,0.0,,,0.0,0.0,,,,,,,0.0,,,0.0,,0.0,,,44.0,,0.0,,,0.0,,,0.0,,0.0,,,0.0,0.0,,0.0,0.0,,,0.0,,,,,,,,,,0.0,0.0,0.0,0.0,0.0,0.0,0.0,,0.0,,,,,0.0,,0.0,,,,0.0,0.0,,,0.0,,,,,,0.0,,0.0,,,,,,,0.0,0.0,,,0.0,0.0,0.0,0.0,,,,0.0,,,0.0,0.0,,,,,0.0,,,0.0,,,0.0,0.0,0.0,,,,,,,,0.0,,
2020-01-05,0.0,,0.0,,,,0.0,,0.0,0.0,0.0,0.0,,,0.0,0.0,,,,,,,0.0,,,0.0,,0.0,,,59.0,,0.0,,,0.0,,,0.0,,0.0,,,0.0,0.0,,0.0,0.0,,,0.0,,,,,,,,,,0.0,0.0,0.0,0.0,0.0,0.0,0.0,,0.0,,,,,0.0,,0.0,,,,0.0,0.0,,,0.0,,,,,,0.0,,0.0,,,,,,,0.0,0.0,,,0.0,0.0,0.0,0.0,,,,0.0,,,0.0,0.0,,,,,0.0,,,0.0,,,0.0,0.0,0.0,,,,,,,,0.0,,
2020-01-06,0.0,,0.0,,,,0.0,,0.0,0.0,0.0,0.0,,,0.0,0.0,,,,,,,0.0,,,0.0,,0.0,,,59.0,,0.0,,,0.0,,,0.0,,0.0,,,0.0,0.0,,0.0,0.0,,,0.0,,,,,,,,,,0.0,0.0,0.0,0.0,0.0,0.0,0.0,,0.0,,,,,0.0,,0.0,,,,0.0,0.0,,,0.0,,,,,,0.0,,0.0,,,,,,,0.0,0.0,,,0.0,0.0,0.0,0.0,,,,0.0,,,0.0,0.0,,,,,0.0,,,0.0,,,0.0,0.0,0.0,,,,,,,,0.0,,
2020-01-07,0.0,,0.0,,,,0.0,,0.0,0.0,0.0,0.0,,,0.0,0.0,,,,,,,0.0,,,0.0,,0.0,,,59.0,,0.0,,,0.0,,,0.0,,0.0,,,0.0,0.0,,0.0,0.0,,,0.0,,,,,,,,,,0.0,0.0,0.0,0.0,0.0,0.0,0.0,,0.0,,,,,0.0,,0.0,,,,0.0,0.0,,,0.0,,,,,,0.0,,0.0,,,,,,,0.0,0.0,,,0.0,0.0,0.0,0.0,,,,0.0,,,0.0,0.0,,,,,0.0,,,0.0,,,0.0,0.0,0.0,,,,,,,,0.0,,
2020-01-08,0.0,,0.0,,,,0.0,,0.0,0.0,0.0,0.0,,,0.0,0.0,,,,,,,0.0,,,0.0,,0.0,,,59.0,,0.0,,,0.0,,,0.0,,0.0,,,0.0,0.0,,0.0,0.0,,,0.0,,,,,,,,,,0.0,0.0,0.0,0.0,0.0,0.0,0.0,,0.0,,,,,0.0,,0.0,,,,0.0,0.0,,,0.0,,,,,,0.0,,0.0,,,,,,,0.0,0.0,,,0.0,0.0,0.0,0.0,,,,0.0,,,0.0,0.0,,,,,0.0,,,0.0,,,0.0,0.0,0.0,,,,,,,,0.0,,
2020-01-09,0.0,,0.0,,,,0.0,,0.0,0.0,0.0,0.0,,,0.0,0.0,,,,,,,0.0,,,0.0,,0.0,,,59.0,,0.0,,,0.0,,,0.0,,0.0,,,0.0,0.0,,0.0,0.0,,,0.0,,,,,,,,,,0.0,0.0,0.0,0.0,0.0,0.0,0.0,,0.0,,,,,0.0,,0.0,,,,0.0,0.0,,,0.0,,,,,,0.0,,0.0,,,,,,,0.0,0.0,,,0.0,0.0,0.0,0.0,,,,0.0,,,0.0,0.0,,,,,0.0,,,0.0,,,0.0,0.0,0.0,,,,,,,,0.0,,
2020-01-10,0.0,,0.0,,,,0.0,,0.0,0.0,0.0,0.0,,,0.0,0.0,,,,,,,0.0,,,0.0,,0.0,,,59.0,,0.0,,,0.0,,,0.0,,0.0,,,0.0,0.0,,0.0,0.0,,,0.0,,,,,,,,,,0.0,0.0,0.0,0.0,0.0,0.0,0.0,,0.0,,,,,0.0,,0.0,,,,0.0,0.0,,,0.0,,,,,,0.0,,0.0,,,,,,,0.0,0.0,,,0.0,0.0,0.0,0.0,,,,0.0,,,0.0,0.0,,,,,0.0,,,0.0,,,0.0,0.0,0.0,,,,,,,,0.0,,
2020-01-11,0.0,,0.0,,,,0.0,,0.0,0.0,0.0,0.0,,,0.0,0.0,,,,,,,0.0,,,0.0,,0.0,,,59.0,,0.0,,,0.0,,,0.0,,0.0,,,0.0,0.0,,0.0,0.0,,,0.0,,,,,,,,,,0.0,0.0,0.0,0.0,0.0,0.0,0.0,,0.0,,,,,0.0,,0.0,,,,0.0,0.0,,,0.0,,,,,,0.0,,0.0,,,,,,,0.0,0.0,,,0.0,0.0,0.0,0.0,,,,0.0,,,0.0,0.0,,,,,0.0,,,0.0,,,0.0,0.0,0.0,,,,,,,,0.0,,
2020-01-12,0.0,,0.0,,,,0.0,,0.0,0.0,0.0,0.0,,,0.0,0.0,,,,,,,0.0,,,0.0,,0.0,,,59.0,,0.0,,,0.0,,,0.0,,0.0,,,0.0,0.0,,0.0,0.0,,,0.0,,,,,,,,,,0.0,0.0,0.0,0.0,0.0,0.0,0.0,,0.0,,,,,0.0,,0.0,,,,0.0,0.0,,,0.0,,,,,,0.0,,0.0,,,,,,,0.0,0.0,,,0.0,0.0,0.0,0.0,,,,0.0,,,0.0,0.0,,,,,0.0,,,0.0,,,0.0,0.0,0.0,,,,,,,,0.0,,
2020-01-13,0.0,,0.0,,,,0.0,,0.0,0.0,0.0,0.0,,,0.0,0.0,,,,,,,0.0,,,0.0,,0.0,,,59.0,,0.0,,,0.0,,,0.0,,0.0,,,0.0,0.0,,0.0,0.0,,,0.0,,,,,,,,,,0.0,0.0,0.0,0.0,0.0,0.0,0.0,,0.0,,,,,0.0,,0.0,,,,0.0,0.0,,,0.0,,,,,,0.0,,0.0,,,,,,,0.0,0.0,,,0.0,0.0,0.0,0.0,,,,0.0,,,0.0,0.0,,,,,0.0,,,0.0,,,0.0,0.0,1.0,,,,,,,,0.0,,
2020-01-14,0.0,,0.0,,,,0.0,,0.0,0.0,0.0,0.0,,,0.0,0.0,,,,,,,0.0,,,0.0,,0.0,,,59.0,,0.0,,,0.0,,,0.0,,0.0,,,0.0,0.0,,0.0,0.0,,,0.0,,,,,,,,,,0.0,0.0,0.0,0.0,0.0,0.0,0.0,,0.0,,,,,0.0,,0.0,,,,0.0,0.0,,,0.0,,,,,,0.0,,0.0,,,,,,,0.0,0.0,,,0.0,0.0,0.0,0.0,,,,0.0,,,0.0,0.0,,,,,0.0,,,0.0,,,0.0,0.0,1.0,,,,,,,,0.0,,
2020-01-15,0.0,,0.0,,,,0.0,,0.0,0.0,0.0,0.0,,,0.0,0.0,,,,,,,0.0,,,0.0,,0.0,,,59.0,,0.0,,,0.0,,,0.0,,0.0,,,0.0,0.0,,0.0,0.0,,,0.0,,,,,,,,,,0.0,0.0,0.0,0.0,0.0,0.0,0.0,,1.0,,,,,0.0,,0.0,,,,0.0,0.0,,,0.0,,,,,,0.0,,0.0,,,,,,,0.0,0.0,,,0.0,0.0,0.0,0.0,,,,0.0,,,0.0,0.0,,,,,0.0,,,0.0,,,0.0,0.0,1.0,,,,,,,,0.0,,
2020-01-16,0.0,,0.0,,,,0.0,,0.0,0.0,0.0,0.0,,,0.0,0.0,,,,,,,0.0,,,0.0,,0.0,,,59.0,,0.0,,,0.0,,,0.0,,0.0,,,0.0,0.0,,0.0,0.0,,,0.0,,,,,,,,,,0.0,0.0,0.0,0.0,0.0,0.0,0.0,,1.0,,,,,0.0,,0.0,,,,0.0,0.0,,,0.0,,,,,,0.0,,0.0,,,,,,,0.0,0.0,,,0.0,0.0,0.0,0.0,,,,0.0,,,0.0,0.0,,,,,0.0,,,0.0,,,0.0,0.0,1.0,,,,,,,,0.0,,
2020-01-17,0.0,,0.0,,,,0.0,,0.0,0.0,0.0,0.0,,,0.0,0.0,,,,,,,0.0,,,0.0,,0.0,,,63.0,,0.0,,,0.0,,,0.0,,0.0,,,0.0,0.0,,0.0,0.0,,,0.0,,,,,,,,,,0.0,0.0,0.0,0.0,0.0,0.0,0.0,,1.0,,,,,0.0,,0.0,,,,0.0,0.0,,,0.0,,,,,,0.0,,0.0,,,,,,,0.0,0.0,,,0.0,0.0,0.0,0.0,,,,0.0,,,0.0,0.0,,,,,0.0,,,0.0,,,0.0,0.0,2.0,,,,,,,,0.0,,
2020-01-18,0.0,,0.0,,,,0.0,,0.0,0.0,0.0,0.0,,,0.0,0.0,,,,,,,0.0,,,0.0,,0.0,,,80.0,,0.0,,,0.0,,,0.0,,0.0,,,0.0,0.0,,0.0,0.0,,,0.0,,,,,,,,,,0.0,0.0,0.0,0.0,0.0,0.0,0.0,,1.0,,,,,0.0,,0.0,,,,0.0,0.0,,,0.0,,,,,,0.0,,0.0,,,,,,,0.0,0.0,,,0.0,0.0,0.0,0.0,,,,0.0,,,0.0,0.0,,,,,0.0,,,0.0,,,0.0,0.0,2.0,,,,,,,,0.0,,
2020-01-19,0.0,,0.0,,,,0.0,,0.0,0.0,0.0,0.0,,,0.0,0.0,,,,,,,0.0,,,0.0,,0.0,,,216.0,,0.0,,,0.0,,,0.0,,0.0,,,0.0,0.0,,0.0,0.0,,,0.0,,,,,,,,,,0.0,0.0,0.0,0.0,0.0,0.0,0.0,,1.0,,,,,0.0,,0.0,,,,0.0,0.0,,,0.0,,,,,,0.0,,0.0,,,,,,,0.0,0.0,,,0.0,0.0,0.0,0.0,,,,0.0,,,0.0,0.0,,,,,0.0,,,0.0,,,0.0,0.0,2.0,,,,,,,,0.0,,
2020-01-20,0.0,,0.0,,,,0.0,,0.0,0.0,0.0,0.0,,,0.0,0.0,,,,,,,0.0,,,0.0,,0.0,,,235.0,,0.0,,,0.0,,,0.0,,0.0,,,0.0,0.0,,0.0,0.0,,,0.0,,,,,,,,,,0.0,0.0,0.0,0.0,0.0,0.0,0.0,,1.0,,,,,0.0,,0.0,,,,0.0,0.0,,,0.0,,,,,,0.0,,0.0,,,,,,,0.0,0.0,,,0.0,0.0,0.0,0.0,,,,0.0,,,0.0,0.0,,,,,0.0,,,0.0,,,0.0,0.0,2.0,,,,,,,,0.0,,
2020-01-21,0.0,,0.0,,,,0.0,,0.0,0.0,0.0,0.0,,,0.0,0.0,,,,,,,0.0,,,0.0,,0.0,,,386.0,,0.0,,,0.0,,,0.0,,0.0,,,0.0,0.0,,0.0,0.0,,,0.0,,,,,,,,,,0.0,0.0,0.0,0.0,0.0,0.0,0.0,,1.0,,,,,0.0,,0.0,,,,0.0,0.0,,,0.0,,,,,,0.0,,0.0,,,,,,,0.0,0.0,,,0.0,0.0,0.0,0.0,,,,0.0,,,0.0,0.0,,,,,0.0,,,0.0,,,0.0,0.0,2.0,,,,,,,,0.0,,
2020-01-22,0.0,,0.0,,,,0.0,,0.0,0.0,0.0,0.0,,,0.0,0.0,,,,,,,0.0,,,0.0,,0.0,,,526.0,,0.0,,,0.0,,,0.0,,0.0,,,0.0,0.0,,0.0,0.0,,,0.0,,,,,,,,,,0.0,0.0,0.0,0.0,0.0,0.0,0.0,,1.0,,,,,0.0,,0.0,,,,0.0,0.0,,,0.0,,,,,,0.0,,0.0,,,,,,,0.0,0.0,,,0.0,0.0,0.0,0.0,,,,0.0,,,0.0,0.0,,,,,0.0,,,0.0,,,0.0,0.0,4.0,,,,,,,,0.0,,
2020-01-23,0.0,,0.0,,,,0.0,,0.0,0.0,0.0,0.0,,,0.0,0.0,,,,,,,0.0,,,0.0,,0.0,,,623.0,,0.0,,,0.0,,,0.0,,0.0,,,0.0,0.0,,0.0,0.0,,,0.0,,,,,,,,,,0.0,0.0,0.0,0.0,0.0,0.0,0.0,,1.0,,,,,0.0,,0.0,,,,0.0,0.0,,,0.0,,,,,,0.0,,0.0,,,,,,,0.0,0.0,,,0.0,0.0,0.0,0.0,,,,0.0,,,0.0,0.0,,,,,0.0,,,0.0,,,0.0,0.0,4.0,,,,,,,,0.0,,
2020-01-24,0.0,,0.0,,,,0.0,,0.0,0.0,0.0,0.0,,,0.0,0.0,,,,,,,0.0,,,0.0,,0.0,,,882.0,,0.0,,,0.0,,,0.0,,0.0,,,0.0,0.0,,0.0,0.0,,,0.0,,,,,,,,,,0.0,0.0,0.0,0.0,0.0,0.0,0.0,,2.0,,,,,0.0,,0.0,,,,0.0,0.0,,,0.0,,,,,,0.0,,0.0,,,,,,,0.0,0.0,,,0.0,0.0,0.0,0.0,,,,0.0,,,0.0,0.0,,,,,3.0,,,0.0,,,0.0,0.0,4.0,,,,,,,,2.0,,
2020-01-25,0.0,,0.0,,,,0.0,,1.0,0.0,0.0,0.0,,,0.0,0.0,,,,,,,0.0,,,0.0,,0.0,,,1323.0,,0.0,,,0.0,,,0.0,,0.0,,,0.0,3.0,,0.0,0.0,,,0.0,,,,,,,,,,0.0,0.0,0.0,0.0,0.0,0.0,0.0,,2.0,,,,,0.0,,0.0,,,,0.0,0.0,,,3.0,,,,,,0.0,,0.0,,,,,,,1.0,0.0,,,0.0,0.0,0.0,0.0,,,,0.0,,,0.0,0.0,,,,,3.0,,,0.0,,,0.0,0.0,5.0,,,,,,,,2.0,,
2020-01-26,0.0,,0.0,,,,0.0,,4.0,0.0,0.0,0.0,,,0.0,0.0,,,,,,,0.0,,,0.0,,1.0,,,1988.0,,0.0,,,0.0,,,0.0,,0.0,,,0.0,3.0,,0.0,0.0,,,0.0,,,,,,,,,,0.0,0.0,0.0,0.0,0.0,0.0,0.0,,3.0,,,,,0.0,,0.0,,,,0.0,0.0,,,4.0,,,,,,0.0,,0.0,,,,,,,1.0,0.0,,,0.0,0.0,0.0,0.0,,,,0.0,,,0.0,0.0,,,,,4.0,,,0.0,,,0.0,0.0,5.0,,,,,,,,2.0,,
2020-01-27,0.0,,0.0,,,,0.0,,4.0,0.0,0.0,0.0,,,0.0,0.0,,,,,,,0.0,,,0.0,,1.0,,,2775.0,,0.0,,,0.0,,,0.0,,0.0,,,0.0,3.0,,0.0,0.0,,,0.0,,,,,,,,,,0.0,0.0,0.0,0.0,0.0,0.0,0.0,,3.0,,,,,0.0,,0.0,,,,0.0,0.0,,,4.0,,,,,,0.0,,0.0,,,,,,,1.0,0.0,,,0.0,0.0,0.0,0.0,,,,0.0,,,0.0,0.0,,,,,4.0,,,0.0,,,0.0,0.0,8.0,,,,,,,,2.0,,
2020-01-28,0.0,,0.0,,,,0.0,,4.0,0.0,0.0,0.0,,,0.0,0.0,,,,,,,0.0,,,1.0,,2.0,,,4528.0,,0.0,,,0.0,,,0.0,,0.0,,,0.0,3.0,,0.0,1.0,,,0.0,,,,,,,,,,0.0,0.0,0.0,0.0,0.0,0.0,0.0,,4.0,,,,,0.0,,0.0,,,,0.0,0.0,,,4.0,,,,,,0.0,,0.0,,,,,,,1.0,0.0,,,0.0,0.0,0.0,0.0,,,,0.0,,,0.0,0.0,,,,,5.0,,,0.0,,,0.0,0.0,14.0,,,,,,,,2.0,,
2020-01-29,0.0,,0.0,,,,0.0,,4.0,0.0,0.0,0.0,,,0.0,0.0,,,,,,,0.0,,,1.0,,3.0,,,5994.0,,0.0,,,0.0,,,0.0,,0.0,,,0.0,4.0,,0.0,4.0,,,0.0,,,,,,,,,,0.0,0.0,0.0,0.0,0.0,0.0,0.0,,7.0,,,,,0.0,,0.0,,,,0.0,0.0,,,7.0,,,,,,0.0,,0.0,,,,,,,1.0,0.0,,,0.0,0.0,0.0,0.0,,,,0.0,,,0.0,0.0,,,,,7.0,,,0.0,,,0.0,0.0,14.0,,,,,,,,2.0,,
2020-01-30,0.0,,0.0,,,,0.0,,6.0,0.0,0.0,0.0,,,0.0,0.0,,,,,,,0.0,,,1.0,,3.0,,,7734.0,,0.0,,,0.0,,,0.0,,0.0,,,1.0,5.0,,0.0,4.0,,,0.0,,,,,,,,,,0.0,1.0,0.0,0.0,0.0,0.0,0.0,,11.0,,,,,0.0,,0.0,,,,0.0,0.0,,,7.0,,,,,,0.0,,0.0,,,,,,,1.0,0.0,,,0.0,0.0,0.0,0.0,,,,1.0,,,0.0,0.0,,,,,10.0,,,0.0,,,0.0,0.0,14.0,,,,,,,,2.0,,
2020-01-31,0.0,,0.0,,,,0.0,,7.0,0.0,0.0,0.0,,,0.0,0.0,,,,,,,0.0,,,1.0,,3.0,,,9714.0,,0.0,,,0.0,,,0.0,,0.0,,,1.0,6.0,,0.0,5.0,,,0.0,,,,,,,,,,0.0,1.0,0.0,0.0,0.0,0.0,3.0,,14.0,,,,,0.0,,0.0,,,,0.0,0.0,,,8.0,,,,,,0.0,,0.0,,,,,,,1.0,0.0,,,0.0,0.0,0.0,0.0,,,,1.0,,,0.0,0.0,,,,,13.0,,,0.0,,,0.0,0.0,14.0,,,,,,,,5.0,,
2020-02-01,0.0,,0.0,,,,0.0,,9.0,0.0,0.0,0.0,,,0.0,0.0,,,,,,,0.0,,,1.0,,4.0,,,11809.0,,0.0,,,0.0,,,0.0,,0.0,,,1.0,6.0,,0.0,7.0,,,0.0,,,,,,,,,,0.0,1.0,0.0,0.0,0.0,0.0,3.0,,15.0,,,,,0.0,,0.0,,,,0.0,0.0,,,8.0,,,,,,0.0,,0.0,,,,,,,1.0,0.0,,,0.0,0.0,0.0,0.0,,,,1.0,,,0.0,0.0,,,,,16.0,,,1.0,,,1.0,0.0,19.0,,,,,,,,5.0,,
2020-02-02,0.0,,0.0,,,,0.0,,11.0,0.0,0.0,0.0,,,0.0,0.0,,,,,,,0.0,,,1.0,,4.0,,,14399.0,,0.0,,,0.0,,,0.0,,0.0,,,1.0,6.0,,0.0,8.0,,,0.0,,,,,,,,,,0.0,2.0,0.0,0.0,0.0,0.0,3.0,,19.0,,,,,0.0,,0.0,,,,0.0,0.0,,,8.0,,,,,,0.0,,0.0,,,,,,,1.0,0.0,,,0.0,0.0,0.0,0.0,,,,2.0,,,0.0,0.0,,,,,18.0,,,1.0,,,1.0,0.0,19.0,,,,,,,,7.0,,
2020-02-03,0.0,,0.0,,,,0.0,,11.0,0.0,0.0,0.0,,,0.0,0.0,,,,,,,0.0,,,1.0,,4.0,,,17211.0,,0.0,,,0.0,,,0.0,,0.0,,,1.0,6.0,,0.0,9.0,,,0.0,,,,,,,,,,0.0,2.0,0.0,0.0,0.0,0.0,3.0,,20.0,,,,,0.0,,0.0,,,,0.0,0.0,,,8.0,,,,,,0.0,,0.0,,,,,,,1.0,0.0,,,0.0,0.0,0.0,0.0,,,,2.0,,,0.0,0.0,,,,,18.0,,,1.0,,,1.0,0.0,19.0,,,,,,,,8.0,,
2020-02-04,0.0,,0.0,,,,0.0,,11.0,0.0,0.0,0.0,,,0.0,1.0,,,,,,,0.0,,,1.0,,4.0,,,20448.0,,0.0,,,0.0,,,0.0,,0.0,,,1.0,6.0,,0.0,11.0,,,0.0,,,,,,,,,,0.0,3.0,0.0,0.0,0.0,0.0,3.0,,20.0,,,,,0.0,,0.0,,,,0.0,0.0,,,8.0,,,,,,0.0,,0.0,,,,,,,1.0,0.0,,,0.0,0.0,0.0,0.0,,,,2.0,,,0.0,0.0,,,,,18.0,,,1.0,,,1.0,0.0,19.0,,,,,,,,9.0,,
2020-02-05,0.0,,0.0,,,,0.0,,12.0,0.0,0.0,0.0,,,0.0,1.0,,,,,,,0.0,,,1.0,,5.0,,,24320.0,,0.0,,,0.0,,,0.0,,0.0,,,1.0,6.0,,0.0,11.0,,,0.0,,,,,,,,,,0.0,3.0,0.0,0.0,0.0,0.0,3.0,,25.0,,,,,0.0,,0.0,,,,0.0,0.0,,,10.0,,,,,,0.0,,0.0,,,,,,,1.0,0.0,,,0.0,0.0,0.0,0.0,,,,2.0,,,0.0,0.0,,,,,24.0,,,1.0,,,1.0,0.0,25.0,,,,,,,,10.0,,
2020-02-06,0.0,,0.0,,,,0.0,,13.0,0.0,0.0,0.0,,,0.0,1.0,,,,,,,0.0,,,1.0,,5.0,,,28047.0,,0.0,,,0.0,,,0.0,,0.0,,,1.0,6.0,,0.0,11.0,,,0.0,,,,,,,,,,0.0,3.0,0.0,0.0,0.0,0.0,3.0,,25.0,,,,,0.0,,0.0,,,,0.0,0.0,,,12.0,,,,,,0.0,,0.0,,,,,,,1.0,0.0,,,0.0,0.0,0.0,0.0,,,,3.0,,,0.0,0.0,,,,,28.0,,,1.0,,,1.0,0.0,25.0,,,,,,,,10.0,,
2020-02-07,0.0,,0.0,,,,0.0,,14.0,0.0,0.0,0.0,,,0.0,1.0,,,,,,,0.0,,,1.0,,7.0,,,31207.0,,0.0,,,0.0,,,0.0,,0.0,,,1.0,6.0,,0.0,12.0,,,0.0,,,,,,,,,,0.0,3.0,0.0,0.0,0.0,0.0,3.0,,25.0,,,,,0.0,,0.0,,,,0.0,0.0,,,14.0,,,,,,0.0,,0.0,,,,,,,1.0,0.0,,,0.0,0.0,0.0,0.0,,,,3.0,,,0.0,0.0,,,,,30.0,,,1.0,,,1.0,0.0,25.0,,,,,,,,12.0,,
2020-02-08,0.0,,0.0,,,,0.0,,14.0,0.0,0.0,0.0,,,0.0,1.0,,,,,,,0.0,,,1.0,,7.0,,,34625.0,,0.0,,,0.0,,,0.0,,0.0,,,1.0,11.0,,0.0,13.0,,,0.0,,,,,,,,,,0.0,3.0,0.0,0.0,0.0,0.0,3.0,,25.0,,,,,0.0,,0.0,,,,0.0,0.0,,,15.0,,,,,,0.0,,0.0,,,,,,,1.0,0.0,,,0.0,0.0,0.0,0.0,,,,3.0,,,0.0,0.0,,,,,33.0,,,1.0,,,1.0,0.0,32.0,,,,,,,,13.0,,
2020-02-09,0.0,,0.0,,,,0.0,,14.0,0.0,0.0,0.0,,,0.0,1.0,,,,,,,0.0,,,1.0,,7.0,,,37232.0,,0.0,,,0.0,,,0.0,,0.0,,,1.0,11.0,,0.0,13.0,,,0.0,,,,,,,,,,0.0,3.0,0.0,0.0,0.0,0.0,3.0,,25.0,,,,,0.0,,0.0,,,,0.0,0.0,,,16.0,,,,,,0.0,,0.0,,,,,,,1.0,0.0,,,0.0,0.0,0.0,0.0,,,,3.0,,,0.0,0.0,,,,,40.0,,,1.0,,,1.0,0.0,32.0,,,,,,,,14.0,,
2020-02-10,0.0,,0.0,,,,0.0,,14.0,0.0,0.0,0.0,,,0.0,1.0,,,,,,,0.0,,,1.0,,7.0,,,40206.0,,0.0,,,0.0,,,0.0,,0.0,,,1.0,11.0,,0.0,13.0,,,0.0,,,,,,,,,,0.0,3.0,0.0,0.0,0.0,0.0,3.0,,25.0,,,,,0.0,,0.0,,,,0.0,0.0,,,18.0,,,,,,0.0,,0.0,,,,,,,1.0,0.0,,,0.0,0.0,0.0,0.0,,,,3.0,,,0.0,0.0,,,,,43.0,,,2.0,,,1.0,0.0,32.0,,,,,,,,14.0,,
2020-02-11,0.0,,0.0,,,,0.0,,14.0,0.0,0.0,0.0,,,0.0,1.0,,,,,,,0.0,,,1.0,,7.0,,,42696.0,,0.0,,,0.0,,,0.0,,0.0,,,1.0,11.0,,0.0,13.0,,,0.0,,,,,,,,,,0.0,3.0,0.0,0.0,0.0,0.0,3.0,,25.0,,,,,0.0,,0.0,,,,0.0,0.0,,,18.0,,,,,,0.0,,0.0,,,,,,,1.0,0.0,,,0.0,0.0,0.0,0.0,,,,3.0,,,0.0,0.0,,,,,45.0,,,2.0,,,1.0,0.0,32.0,,,,,,,,15.0,,
2020-02-12,0.0,,0.0,,,,0.0,,14.0,0.0,0.0,0.0,,,0.0,1.0,,,,,,,0.0,,,1.0,,7.0,,,44724.0,,0.0,,,0.0,,,0.0,,0.0,,,1.0,11.0,,0.0,15.0,,,0.0,,,,,,,,,,0.0,3.0,0.0,0.0,0.0,0.0,3.0,,25.0,,,,,0.0,,0.0,,,,0.0,0.0,,,18.0,,,,,,0.0,,0.0,,,,,,,1.0,0.0,,,0.0,0.0,0.0,0.0,,,,3.0,,,0.0,0.0,,,,,47.0,,,2.0,,,1.0,0.0,33.0,,,,,,,,15.0,,
2020-02-13,0.0,,0.0,,,,0.0,,14.0,0.0,0.0,0.0,,,0.0,1.0,,,,,,,0.0,,,1.0,,7.0,,,59865.0,,0.0,,,0.0,,,0.0,,0.0,,,1.0,11.0,,0.0,15.0,,,0.0,,,,,,,,,,0.0,3.0,0.0,0.0,0.0,0.0,3.0,,29.0,,,,,0.0,,0.0,,,,0.0,0.0,,,18.0,,,,,,0.0,,0.0,,,,,,,1.0,0.0,,,0.0,0.0,0.0,0.0,,,,3.0,,,0.0,0.0,,,,,50.0,,,2.0,,,1.0,0.0,33.0,,,,,,,,16.0,,
2020-02-14,0.0,,0.0,,,,0.0,,15.0,0.0,0.0,0.0,,,0.0,1.0,,,,,,,0.0,,,1.0,,7.0,,,64021.0,,0.0,,,0.0,,,0.0,,0.0,,,1.0,11.0,,0.0,15.0,,,0.0,,,,,,,,,,0.0,3.0,0.0,0.0,0.0,0.0,3.0,,30.0,,,,,0.0,,0.0,,,,0.0,0.0,,,19.0,,,,,,0.0,,0.0,,,,,,,1.0,0.0,,,0.0,0.0,0.0,0.0,,,,3.0,,,0.0,0.0,,,,,58.0,,,2.0,,,1.0,0.0,33.0,,,,,,,,16.0,,
2020-02-15,0.0,,0.0,,,,0.0,,15.0,0.0,0.0,0.0,,,0.0,1.0,,,,,,,0.0,,,1.0,,8.0,,,66559.0,,0.0,,,0.0,,,0.0,,0.0,,,1.0,11.0,,0.0,15.0,,,0.0,,,,,,,,,,0.0,3.0,0.0,0.0,0.0,0.0,3.0,,38.0,,,,,0.0,,0.0,,,,0.0,0.0,,,21.0,,,,,,0.0,,0.0,,,,,,,1.0,0.0,,,0.0,0.0,0.0,0.0,,,,3.0,,,0.0,0.0,,,,,67.0,,,2.0,,,1.0,0.0,34.0,,,,,,,,16.0,,
2020-02-16,0.0,,0.0,,,,0.0,,15.0,0.0,0.0,0.0,,,0.0,1.0,,,,,,,0.0,,,1.0,,8.0,,,68566.0,,0.0,,,0.0,,,0.0,,0.0,,,1.0,11.0,,0.0,15.0,,,0.0,,,,,,,,,,0.0,3.0,0.0,0.0,0.0,0.0,3.0,,52.0,,,,,0.0,,0.0,,,,0.0,0.0,,,22.0,,,,,,0.0,,0.0,,,,,,,1.0,0.0,,,0.0,0.0,0.0,0.0,,,,3.0,,,0.0,0.0,,,,,72.0,,,2.0,,,1.0,0.0,34.0,,,,,,,,16.0,,
2020-02-17,0.0,,0.0,,,,0.0,,15.0,0.0,0.0,0.0,,,0.0,1.0,,,,,,,0.0,,,1.0,,8.0,,,70618.0,,0.0,,,0.0,,,0.0,,0.0,,,1.0,12.0,,0.0,15.0,,,0.0,,,,,,,,,,0.0,3.0,0.0,0.0,0.0,0.0,3.0,,59.0,,,,,0.0,,0.0,,,,0.0,0.0,,,22.0,,,,,,0.0,,0.0,,,,,,,1.0,0.0,,,0.0,0.0,0.0,0.0,,,,3.0,,,0.0,0.0,,,,,75.0,,,2.0,,,1.0,0.0,34.0,,,,,,,,16.0,,
2020-02-18,0.0,,0.0,,,,0.0,,15.0,0.0,0.0,0.0,,,0.0,1.0,,,,,,,0.0,,,1.0,,8.0,,,72508.0,,0.0,,,0.0,,,0.0,,0.0,,,1.0,12.0,,0.0,15.0,,,0.0,,,,,,,,,,0.0,3.0,0.0,0.0,0.0,0.0,3.0,,59.0,,,,,0.0,,0.0,,,,0.0,0.0,,,22.0,,,,,,0.0,,0.0,,,,,,,1.0,0.0,,,0.0,0.0,0.0,0.0,,,,3.0,,,0.0,0.0,,,,,77.0,,,2.0,,,1.0,0.0,35.0,,,,,,,,16.0,,
2020-02-19,0.0,,0.0,,,,0.0,,15.0,0.0,0.0,0.0,,,0.0,1.0,,,,,,,0.0,,,1.0,,8.0,,,74258.0,,0.0,,,0.0,,,0.0,,0.0,,,1.0,12.0,,0.0,15.0,,,0.0,,,,,,,,,,0.0,3.0,0.0,0.0,0.0,0.0,3.0,,66.0,,,,,0.0,,0.0,,,,0.0,0.0,,,22.0,,,,,,0.0,,0.0,,,,,,,1.0,0.0,,,0.0,0.0,0.0,0.0,,,,3.0,,,0.0,0.0,,,,,81.0,,,2.0,,,1.0,0.0,35.0,,,,,,,,16.0,,
2020-02-20,0.0,,0.0,,,,0.0,,15.0,0.0,0.0,0.0,,,0.0,1.0,,,,,,,0.0,,,1.0,,8.0,,,74652.0,,0.0,,,0.0,,,0.0,,0.0,,,1.0,12.0,,0.0,15.0,,,0.0,,,,,,,,,,0.0,3.0,0.0,0.0,0.0,0.0,3.0,,84.0,,,,,0.0,,0.0,,,,0.0,0.0,,,22.0,,,,,,0.0,,0.0,,,,,,,1.0,0.0,,,0.0,0.0,0.0,0.0,,,,3.0,,,0.0,0.0,,,,,84.0,,,2.0,,,1.0,0.0,35.0,,,,,,,,16.0,,
2020-02-21,0.0,,0.0,,,,0.0,,17.0,0.0,0.0,0.0,,,0.0,1.0,,,,,,,0.0,,,1.0,,9.0,,,75543.0,,0.0,,,0.0,,,0.0,,0.0,,,1.0,12.0,,0.0,15.0,,,0.0,,,,,,,,,,0.0,3.0,0.0,0.0,0.0,0.0,3.0,,93.0,,,,,0.0,,0.0,,,,0.0,0.0,,,22.0,,,,,,0.0,,0.0,,,,,,,1.0,0.0,,,0.0,0.0,0.0,0.0,,,,3.0,,,0.0,0.0,,,,,85.0,,,2.0,,,1.0,0.0,35.0,,,,,,,,16.0,,
2020-02-22,0.0,,0.0,,,,0.0,,21.0,0.0,0.0,0.0,,,0.0,1.0,,,,,,,0.0,,,1.0,,9.0,,,76369.0,,0.0,,,0.0,,,0.0,,0.0,,,1.0,12.0,,0.0,15.0,,,0.0,,,,,,,,,,0.0,3.0,0.0,0.0,0.0,1.0,17.0,,105.0,,,,,0.0,,1.0,,,,0.0,0.0,,,22.0,,,,,,0.0,,0.0,,,,,,,1.0,0.0,,,0.0,0.0,0.0,0.0,,,,3.0,,,0.0,0.0,,,,,86.0,,,2.0,,,1.0,0.0,35.0,,,,,,,,16.0,,
2020-02-23,0.0,,0.0,,,,0.0,,22.0,0.0,0.0,0.0,,,0.0,1.0,,,,,,,0.0,,,1.0,,9.0,,,77016.0,,0.0,,,0.0,,,0.0,,0.0,,,1.0,12.0,,0.0,15.0,,,0.0,,,,,,,,,,0.0,3.0,0.0,0.0,0.0,1.0,79.0,,132.0,,,,,0.0,,1.0,,,,0.0,0.0,,,22.0,,,,,,0.0,,0.0,,,,,,,1.0,0.0,,,0.0,0.0,0.0,0.0,,,,3.0,,,0.0,0.0,,,,,89.0,,,2.0,,,1.0,0.0,35.0,,,,,,,,16.0,,
2020-02-24,0.0,,0.0,,,,0.0,,22.0,0.0,0.0,1.0,,,0.0,1.0,,,,,,,0.0,,,1.0,,9.0,,,77234.0,,0.0,,,0.0,,,0.0,,0.0,,,1.0,12.0,,0.0,15.0,,,0.0,,,,,,,,,,0.0,3.0,0.0,0.0,0.0,2.0,132.0,,144.0,,,,,3.0,,1.0,,,,0.0,0.0,,,22.0,,,,,,0.0,,0.0,,,,,,,1.0,0.0,,,0.0,0.0,0.0,0.0,,,,3.0,,,0.0,0.0,,,,,89.0,,,2.0,,,1.0,0.0,35.0,,,,,,,,16.0,,
2020-02-25,1.0,,0.0,,,,0.0,,22.0,0.0,0.0,2.0,,,0.0,1.0,,,,,,,0.0,,,1.0,,11.0,,,77749.0,,0.0,,,0.0,,,0.0,,0.0,,,1.0,12.0,,0.0,15.0,,,0.0,,,,,,,,,,0.0,3.0,0.0,1.0,0.0,2.0,229.0,,144.0,,,,,5.0,,1.0,,,,0.0,0.0,,,22.0,,,,,,0.0,,0.0,,,,,,,1.0,0.0,,,0.0,0.0,2.0,0.0,,,,3.0,,,0.0,0.0,,,,,90.0,,,3.0,,,1.0,0.0,37.0,,,,,,,,16.0,,
2020-02-26,1.0,,1.0,,,,0.0,,22.0,2.0,0.0,23.0,,,0.0,1.0,,,,,,,1.0,,,1.0,,11.0,,,78159.0,,1.0,,,0.0,,,0.0,,0.0,,,1.0,14.0,,0.0,17.0,,,0.0,,,,,,,,,,0.0,3.0,0.0,5.0,0.0,2.0,322.0,,164.0,,,,,11.0,,1.0,,,,0.0,0.0,,,22.0,,,,,,0.0,,0.0,,,,,,,1.0,0.0,,,0.0,0.0,4.0,0.0,,,,3.0,,,0.0,0.0,,,,,91.0,,,7.0,,,1.0,1.0,40.0,,,,,,,,16.0,,
2020-02-27,1.0,,1.0,,,,0.0,,23.0,2.0,0.0,33.0,,,0.0,1.0,,,,,,,1.0,,,1.0,,12.0,,,78598.0,,2.0,,,1.0,,,0.0,,0.0,,,2.0,17.0,,1.0,21.0,,,1.0,,,,,,,,,,0.0,3.0,0.0,5.0,0.0,2.0,400.0,,186.0,,,,,26.0,,2.0,,,,0.0,0.0,,,22.0,,,,,,0.0,,0.0,,,,,,,1.0,0.0,,,0.0,1.0,4.0,2.0,,,,3.0,,,0.0,1.0,,,,,93.0,,,12.0,,,2.0,1.0,40.0,,,,,,,,16.0,,
2020-02-28,1.0,,1.0,,,,0.0,,23.0,5.0,0.0,33.0,,,1.0,1.0,,,,,,,1.0,,,1.0,,14.0,,,78927.0,,3.0,,,1.0,,,0.0,,1.0,,,2.0,38.0,,1.0,47.0,,,3.0,,,,,,,,,,0.0,3.0,0.0,6.0,0.0,3.0,650.0,,210.0,,,,,43.0,,3.0,,,,1.0,0.0,,,23.0,,,,,,0.0,,0.0,,,,,,,1.0,1.0,,,1.0,4.0,6.0,2.0,,,,3.0,,,0.0,1.0,,,,,96.0,,,25.0,,,7.0,8.0,40.0,,,,,,,,16.0,,
2020-02-29,1.0,,1.0,,,,0.0,,25.0,7.0,1.0,38.0,,,1.0,1.0,,,,,,,1.0,,,1.0,,16.0,,,79355.0,,5.0,,,2.0,,,0.0,,1.0,,,3.0,57.0,,2.0,57.0,,,4.0,,,,,,,,,,1.0,3.0,0.0,7.0,0.0,7.0,888.0,,230.0,,,,,45.0,,3.0,,,,1.0,0.0,,,25.0,,,,,,2.0,,1.0,,,,,,,1.0,2.0,,,1.0,6.0,6.0,2.0,,,,3.0,,,0.0,3.0,,,,,98.0,,,34.0,,,12.0,12.0,42.0,,,,,,,,16.0,,
2020-03-01,1.0,,3.0,,,,1.0,,26.0,10.0,1.0,41.0,,,1.0,1.0,,,,,,,2.0,,,1.0,,20.0,,,79929.0,,5.0,,,3.0,,,1.0,,1.0,,,3.0,100.0,,3.0,111.0,,,7.0,,,,,,,,,,1.0,3.0,0.0,13.0,1.0,7.0,1128.0,,239.0,,,,,45.0,,4.0,,,,1.0,1.0,,,25.0,,,,,,4.0,,1.0,,,,,,,1.0,7.0,,,1.0,15.0,6.0,4.0,,,,3.0,,,1.0,3.0,,,,,102.0,,,66.0,,,13.0,18.0,42.0,,,,,,,,16.0,,
2020-03-02,1.0,,3.0,,,,1.0,,29.0,14.0,3.0,47.0,,,1.0,2.0,,,,,,,2.0,,,1.0,,24.0,,,80134.0,,7.0,,,4.0,,,6.0,,1.0,,,6.0,130.0,,3.0,129.0,,,7.0,,,,,,,,,,3.0,3.0,2.0,19.0,1.0,10.0,1689.0,,254.0,,,,,46.0,,10.0,,,,1.0,1.0,,,29.0,,,,,,5.0,,1.0,,,,,,,1.0,13.0,,,1.0,19.0,6.0,4.0,,,,3.0,,,3.0,3.0,,,,,106.0,,,83.0,,,14.0,24.0,43.0,,,,,,,,16.0,,
2020-03-03,,,,1.0,,,,,33.0,18.0,,,,,,8.0,,,,,,,,,,,,27.0,,,80261.0,,8.0,,,5.0,,,7.0,,,,,,178.0,,,157.0,,,,,,,,,,,,,6.0,5.0,,21.0,,,2036.0,,254.0,1.0,,,,56.0,1.0,13.0,,,,,,,,,,,,,,,,,,,1.0,,,,,18.0,,,,25.0,7.0,,,,,,,2.0,,,,1.0,,,108.0,,,114.0,,,15.0,30.0,,,1.0,,,,,,,,
2020-03-04,,,5.0,,,1.0,,,41.0,24.0,,49.0,,,4.0,13.0,,,,,,,,,,,,30.0,,1.0,80380.0,,9.0,,,8.0,,,,,2.0,,,7.0,212.0,,,196.0,,,,,,,,,,,,,16.0,6.0,,26.0,2.0,,2502.0,,268.0,,,,,,,,,,,,,,,36.0,,,,,,,,,,,,,,,,28.0,,,,33.0,,5.0,,,,,1.0,4.0,8.0,4.0,,,,,110.0,,,151.0,,,24.0,37.0,,,,,,1.0,,,,,
2020-03-05,,,12.0,,,,,,52.0,29.0,,52.0,,,6.0,23.0,,,,,,,3.0,,,,,33.0,,3.0,80497.0,,,,,10.0,,,10.0,,,,,,285.0,,3.0,262.0,,,10.0,,,,,,,,,2.0,26.0,28.0,,31.0,6.0,15.0,3089.0,,317.0,,,,,,,,,,1.0,,,,,50.0,,,,,,,,,,,,,,,,38.0,,,,56.0,15.0,,,,,,,5.0,,,,3.0,,,112.0,1.0,,200.0,,,35.0,57.0,47.0,,,,,,,,,,
2020-03-06,,,17.0,,,2.0,,,59.0,41.0,6.0,52.0,,,,50.0,,,,1.0,,,8.0,,,,,45.0,,4.0,80667.0,,10.0,,,20.0,,,13.0,,5.0,,,12.0,423.0,,9.0,400.0,,,32.0,,,,,,,,,,35.0,29.0,,38.0,13.0,17.0,3858.0,,349.0,,,,,58.0,,16.0,,,,,,,,50.0,,,,,,,,,,,2.0,,,,,82.0,,,,86.0,16.0,,,,,,,9.0,,6.0,,4.0,,,117.0,6.0,,261.0,,,61.0,87.0,,,,,,,,,,,
2020-03-07,,,,,,8.0,,,63.0,74.0,9.0,56.0,,,,109.0,,,,,,,13.0,,,,1.0,51.0,,5.0,80768.0,1.0,11.0,,,23.0,,,,,10.0,,,19.0,613.0,,,684.0,,,45.0,,,,,,,,,4.0,43.0,31.0,4.0,,18.0,19.0,4636.0,,408.0,,,,,,,22.0,,,,,3.0,,,83.0,,,,,,,,,,,,,,,,128.0,,,,113.0,,6.0,,,1.0,5.0,5.0,13.0,11.0,7.0,,,1.0,,130.0,9.0,,374.0,,,137.0,209.0,50.0,1.0,,,,,,,17.0,,
2020-03-08,4.0,,,,,9.0,,,74.0,99.0,,63.0,,,,169.0,,,,,,,13.0,2.0,,2.0,,57.0,,,80814.0,,12.0,,,31.0,,,,,,,,,716.0,,12.0,847.0,,,66.0,,,,,,,,,7.0,53.0,34.0,,54.0,19.0,25.0,5883.0,,455.0,1.0,,,,61.0,2.0,,,,,,,,,93.0,2.0,,3.0,,,,1.0,,,,,,,,,188.0,,,,147.0,,,,1.0,,6.0,6.0,21.0,12.0,13.0,,,,,138.0,12.0,,430.0,,,161.0,264.0,,,,,,,,,21.0,,
2020-03-09,,2.0,20.0,,,12.0,,,80.0,102.0,,79.0,3.0,,,200.0,,,,,,,25.0,4.0,,,2.0,62.0,,10.0,80859.0,,,,,38.0,,,14.0,,,,,30.0,1126.0,,13.0,902.0,,,73.0,,,,,,,,,8.0,55.0,,6.0,61.0,21.0,39.0,7375.0,,488.0,,,,,64.0,3.0,32.0,,,,,5.0,,,99.0,4.0,,,,,7.0,,,,,,,,,,265.0,,,,169.0,,,,,7.0,10.0,11.0,30.0,15.0,15.0,,,,,150.0,16.0,,589.0,,,203.0,332.0,,,,,,,,,30.0,,
2020-03-10,,6.0,,,,,,,100.0,131.0,,109.0,,,,239.0,,,,,,,,,,,,77.0,,13.0,80879.0,3.0,,,2.0,113.0,,,15.0,,,,,40.0,1412.0,,15.0,1139.0,,,84.0,,,,,,,,,9.0,65.0,44.0,,,,,9172.0,,514.0,,,,,65.0,6.0,41.0,,,,,,,,117.0,,,4.0,,,,,,1.0,,,,,,,321.0,,,2.0,192.0,18.0,16.0,1.0,,9.0,33.0,17.0,39.0,18.0,17.0,,,,,160.0,,,1204.0,,,248.0,374.0,,,2.0,,,,,,31.0,,
2020-03-11,7.0,10.0,,,,19.0,,,112.0,182.0,11.0,110.0,,,9.0,267.0,,,,,,,34.0,,,,,93.0,,17.0,80908.0,,13.0,,,264.0,,,17.0,,13.0,,,,1784.0,,23.0,1296.0,,,90.0,,,,,,,,,12.0,70.0,50.0,19.0,61.0,35.0,70.0,10149.0,,568.0,,,,,69.0,8.0,41.0,,,,3.0,7.0,,,129.0,6.0,,,,,,3.0,,,,,,,,,382.0,,,,277.0,18.0,16.0,7.0,5.0,11.0,33.0,22.0,41.0,24.0,25.0,,,5.0,,166.0,31.0,,1639.0,,,326.0,490.0,59.0,,5.0,,,,,,35.0,,
2020-03-12,,11.0,20.0,,,,4.0,,126.0,246.0,13.0,162.0,,,12.0,314.0,,,,,2.0,,52.0,7.0,,3.0,,103.0,,23.0,80932.0,9.0,16.0,3.0,6.0,516.0,,,,,16.0,,,59.0,2281.0,,24.0,1567.0,,,99.0,,,,,,,,2.0,13.0,85.0,73.0,34.0,70.0,43.0,82.0,12462.0,2.0,619.0,,,,,72.0,10.0,61.0,,,3.0,3.0,7.0,,,149.0,8.0,,6.0,,,11.0,4.0,,,,5.0,,,,,503.0,,,,489.0,,20.0,14.0,,17.0,49.0,31.0,59.0,262.0,45.0,,,18.0,,178.0,57.0,,2140.0,,,462.0,642.0,70.0,,7.0,1.0,,,,,39.0,,
2020-03-13,,23.0,25.0,,,31.0,6.0,2.0,156.0,361.0,13.0,162.0,,,21.0,399.0,,,,1.0,3.0,,77.0,23.0,,5.0,,138.0,,33.0,80954.0,,25.0,,,676.0,,,,,27.0,,,155.0,2876.0,1.0,25.0,2369.0,2.0,,133.0,,,,,,1.0,,,16.0,117.0,75.0,,74.0,70.0,96.0,15113.0,6.0,675.0,,,,,80.0,16.0,66.0,,,4.0,,26.0,,,158.0,,,9.0,,,16.0,6.0,,,,6.0,,,,,614.0,,,,621.0,,21.0,27.0,6.0,22.0,52.0,49.0,78.0,,64.0,,6.0,24.0,,187.0,96.0,,3004.0,,,620.0,854.0,,,13.0,2.0,,3.0,,,44.0,,
2020-03-14,,33.0,26.0,2.0,,34.0,13.0,,197.0,504.0,,210.0,,,,559.0,,,,,10.0,,98.0,31.0,,,,176.0,,43.0,80973.0,16.0,31.0,4.0,14.0,804.0,,,23.0,,79.0,1.0,,183.0,3661.0,,30.0,3062.0,,,190.0,,,,,1.0,,,3.0,25.0,117.0,83.0,69.0,85.0,91.0,116.0,17660.0,8.0,737.0,,,1.0,,100.0,19.0,,,,4.0,6.0,38.0,,,197.0,9.0,,12.0,,,26.0,8.0,,,,7.0,,,,,804.0,,,,621.0,20.0,21.0,36.0,7.0,38.0,64.0,68.0,112.0,320.0,89.0,,19.0,41.0,,200.0,141.0,,4231.0,1.0,,775.0,1121.0,82.0,,16.0,,,,,,49.0,,
2020-03-15,10.0,38.0,37.0,,,45.0,20.0,,249.0,655.0,19.0,211.0,3.0,,,689.0,,,,1.0,10.0,,121.0,41.0,,7.0,3.0,244.0,,61.0,80995.0,34.0,37.0,4.0,21.0,827.0,,,28.0,,115.0,1.0,,210.0,4499.0,1.0,30.0,3795.0,2.0,,228.0,,,,1.0,1.0,,,,31.0,138.0,90.0,96.0,85.0,129.0,178.0,21157.0,,780.0,1.0,6.0,1.0,,104.0,26.0,93.0,,,4.0,9.0,,,,238.0,9.0,,18.0,1.0,,41.0,20.0,3.0,1.0,,18.0,,,2.0,1.0,959.0,,,2.0,907.0,20.0,30.0,43.0,,43.0,111.0,104.0,169.0,337.0,113.0,1.0,21.0,46.0,2.0,214.0,181.0,,5753.0,1.0,1.0,924.0,1359.0,82.0,1.0,16.0,,,,6.0,,53.0,,
2020-03-16,16.0,42.0,48.0,5.0,,56.0,30.0,,298.0,860.0,19.0,214.0,,,27.0,886.0,,,,,,,200.0,51.0,,12.0,4.0,304.0,,75.0,81020.0,45.0,48.0,,30.0,875.0,,,37.0,,171.0,4.0,,267.0,5423.0,1.0,30.0,4838.0,2.0,,331.0,,,,1.0,,4.0,,6.0,39.0,178.0,93.0,117.0,124.0,169.0,250.0,23980.0,10.0,814.0,15.0,9.0,3.0,2.0,112.0,31.0,99.0,,,7.0,14.0,77.0,,,428.0,13.0,,21.0,1.0,,53.0,23.0,7.0,,,28.0,,,2.0,,1135.0,,,2.0,1077.0,22.0,31.0,43.0,8.0,71.0,140.0,125.0,245.0,401.0,139.0,5.0,26.0,55.0,3.0,226.0,219.0,,7753.0,1.0,,1032.0,2200.0,114.0,1.0,18.0,18.0,,3.0,8.0,6.0,57.0,,
2020-03-17,21.0,51.0,58.0,14.0,,65.0,52.0,,375.0,1016.0,19.0,221.0,5.0,,36.0,1085.0,,1.0,,1.0,11.0,,234.0,62.0,,24.0,4.0,424.0,,156.0,81063.0,57.0,56.0,,40.0,932.0,,,58.0,,205.0,5.0,,272.0,6633.0,1.0,33.0,6012.0,6.0,,352.0,,,,6.0,1.0,4.0,,8.0,50.0,199.0,125.0,134.0,124.0,223.0,260.0,27980.0,10.0,824.0,16.0,11.0,3.0,2.0,123.0,36.0,120.0,1.0,,7.0,17.0,81.0,,,553.0,13.0,,30.0,1.0,,82.0,29.0,9.0,,,37.0,,0.0,2.0,1.0,1413.0,,,2.0,1169.0,24.0,187.0,69.0,9.0,86.0,142.0,177.0,331.0,439.0,184.0,5.0,27.0,57.0,4.0,243.0,253.0,1.0,9191.0,1.0,,1121.0,2200.0,177.0,1.0,20.0,47.0,,5.0,29.0,8.0,61.0,,
2020-03-18,22.0,55.0,60.0,14.0,,79.0,78.0,,454.0,1332.0,28.0,237.0,8.0,1.0,36.0,1243.0,,1.0,,1.0,12.0,,291.0,81.0,,24.0,10.0,569.0,,201.0,81086.0,65.0,69.0,7.0,40.0,1024.0,,,111.0,,225.0,5.0,,319.0,7730.0,1.0,34.0,7156.0,6.0,,387.0,,,,6.0,1.0,4.0,,9.0,50.0,247.0,137.0,172.0,154.0,292.0,427.0,31506.0,13.0,829.0,35.0,33.0,4.0,19.0,130.0,61.0,120.0,2.0,,7.0,25.0,140.0,,,673.0,13.0,,38.0,1.0,,93.0,30.0,9.0,4.0,2.0,44.0,,,2.0,1.0,1705.0,,,3.0,1308.0,24.0,187.0,86.0,11.0,117.0,187.0,238.0,448.0,442.0,217.0,7.0,31.0,72.0,4.0,266.0,275.0,1.0,11178.0,1.0,,1167.0,2650.0,177.0,1.0,24.0,98.0,,14.0,50.0,16.0,61.0,,
2020-03-19,22.0,59.0,72.0,53.0,,97.0,115.0,,565.0,1646.0,34.0,256.0,10.0,1.0,46.0,1486.0,,1.0,,1.0,12.0,,428.0,92.0,,24.0,10.0,690.0,,238.0,81130.0,102.0,81.0,11.0,58.0,1115.0,1.0,,168.0,,258.0,6.0,,369.0,9134.0,3.0,34.0,8198.0,7.0,,418.0,,,3.0,8.0,1.0,5.0,,12.0,73.0,250.0,165.0,172.0,164.0,366.0,433.0,35713.0,15.0,873.0,52.0,37.0,7.0,19.0,142.0,71.0,133.0,2.0,,25.0,33.0,210.0,,,790.0,13.0,,48.0,1.0,,118.0,36.0,9.0,5.0,8.0,54.0,,,2.0,1.0,2051.0,1.0,,8.0,1423.0,39.0,302.0,109.0,11.0,145.0,202.0,287.0,642.0,452.0,260.0,11.0,36.0,94.0,6.0,313.0,286.0,1.0,13716.0,2.0,,1301.0,3010.0,177.0,1.0,29.0,191.0,,19.0,79.0,23.0,76.0,2.0,
2020-03-20,22.0,70.0,90.0,75.0,,128.0,122.0,4.0,709.0,2196.0,44.0,269.0,10.0,2.0,57.0,1795.0,,2.0,2.0,1.0,15.0,,621.0,105.0,,24.0,14.0,846.0,1.0,342.0,81229.0,128.0,104.0,16.0,58.0,1151.0,1.0,,199.0,,267.0,7.0,1.0,400.0,10995.0,3.0,40.0,14138.0,11.0,10.0,464.0,2.0,,12.0,9.0,1.0,5.0,2.0,24.0,85.0,330.0,191.0,227.0,177.0,557.0,677.0,41035.0,16.0,950.0,56.0,49.0,7.0,21.0,148.0,86.0,149.0,2.0,,25.0,48.0,345.0,,,900.0,13.0,,53.0,2.0,3.0,164.0,49.0,11.0,5.0,13.0,63.0,,,2.0,1.0,2460.0,1.0,,8.0,1552.0,39.0,478.0,137.0,13.0,234.0,230.0,355.0,785.0,460.0,277.0,11.0,36.0,126.0,6.0,345.0,319.0,1.0,17147.0,2.0,,1423.0,3888.0,212.0,1.0,39.0,359.0,,26.0,94.0,23.0,85.0,2.0,
2020-03-21,24.0,70.0,102.0,75.0,,158.0,136.0,,874.0,2649.0,44.0,285.0,17.0,6.0,57.0,2257.0,,2.0,2.0,2.0,19.0,,904.0,127.0,,47.0,27.0,971.0,1.0,434.0,81281.0,158.0,126.0,21.0,67.0,1255.0,1.0,,426.0,,283.0,9.0,1.0,450.0,12612.0,3.0,43.0,18187.0,16.0,10.0,495.0,2.0,,14.0,13.0,2.0,5.0,2.0,24.0,103.0,409.0,231.0,309.0,193.0,683.0,712.0,47021.0,19.0,1007.0,69.0,53.0,7.0,24.0,159.0,111.0,163.0,2.0,,34.0,69.0,484.0,3.0,,1030.0,13.0,,64.0,2.0,12.0,203.0,66.0,12.0,6.0,14.0,86.0,,,3.0,1.0,2994.0,1.0,1.0,12.0,1742.0,48.0,495.0,200.0,18.0,263.0,230.0,425.0,1020.0,470.0,308.0,17.0,47.0,135.0,7.0,385.0,341.0,1.0,19980.0,2.0,1.0,1623.0,4840.0,366.0,9.0,54.0,670.0,,26.0,110.0,33.0,87.0,2.0,1.0
2020-03-22,24.0,76.0,139.0,88.0,2.0,225.0,160.0,,1098.0,3024.0,53.0,306.0,24.0,14.0,76.0,2815.0,,2.0,2.0,2.0,20.0,,1128.0,163.0,,51.0,27.0,1302.0,2.0,537.0,81346.0,210.0,206.0,25.0,84.0,1326.0,1.0,,532.0,1.0,306.0,9.0,2.0,521.0,14459.0,3.0,49.0,21463.0,21.0,10.0,530.0,2.0,,15.0,17.0,2.0,5.0,2.0,26.0,131.0,473.0,320.0,450.0,214.0,785.0,883.0,53578.0,19.0,1046.0,84.0,56.0,7.0,24.0,176.0,124.0,230.0,3.0,,36.0,105.0,670.0,3.0,,1183.0,13.0,,73.0,2.0,14.0,251.0,80.0,18.0,10.0,14.0,96.0,,,3.0,1.0,3631.0,1.0,1.0,22.0,1926.0,52.0,646.0,245.0,22.0,318.0,380.0,536.0,1280.0,481.0,367.0,17.0,56.0,149.0,7.0,432.0,383.0,1.0,24926.0,2.0,5.0,1746.0,6077.0,599.0,15.0,60.0,947.0,1.0,41.0,135.0,33.0,94.0,2.0,2.0
2020-03-23,34.0,89.0,201.0,113.0,2.0,266.0,190.0,,1709.0,3631.0,65.0,334.0,27.0,17.0,76.0,3401.0,,2.0,6.0,2.0,27.0,,1546.0,185.0,,86.0,27.0,1430.0,2.0,632.0,81484.0,235.0,235.0,35.0,95.0,1395.0,1.0,1.0,789.0,1.0,326.0,11.0,3.0,626.0,16018.0,6.0,54.0,24774.0,24.0,15.0,624.0,2.0,1.0,27.0,19.0,2.0,5.0,2.0,27.0,167.0,568.0,439.0,514.0,233.0,906.0,1071.0,59138.0,19.0,1089.0,99.0,60.0,15.0,31.0,188.0,139.0,248.0,3.0,,46.0,143.0,798.0,3.0,,1306.0,13.0,,90.0,2.0,28.0,316.0,94.0,23.0,10.0,21.0,115.0,1.0,,3.0,1.0,4204.0,2.0,1.0,30.0,2132.0,55.0,784.0,313.0,22.0,363.0,380.0,634.0,1600.0,494.0,433.0,19.0,67.0,188.0,7.0,455.0,414.0,1.0,28572.0,2.0,5.0,1906.0,6971.0,721.0,15.0,75.0,1236.0,1.0,47.0,158.0,46.0,118.0,3.0,2.0
2020-03-24,40.0,100.0,230.0,133.0,2.0,301.0,194.0,12.0,1823.0,4486.0,72.0,339.0,33.0,17.0,81.0,3743.0,1.0,5.0,6.0,2.0,28.0,,1891.0,201.0,,87.0,56.0,1646.0,2.0,746.0,81553.0,306.0,306.0,40.0,116.0,1460.0,3.0,1.0,981.0,1.0,352.0,11.0,4.0,700.0,19856.0,6.0,61.0,29212.0,27.0,15.0,695.0,4.0,1.0,29.0,20.0,2.0,5.0,5.0,30.0,187.0,588.0,492.0,579.0,266.0,1125.0,1442.0,63927.0,19.0,1128.0,112.0,62.0,16.0,61.0,189.0,180.0,267.0,3.0,,46.0,179.0,875.0,17.0,,1518.0,13.0,,107.0,2.0,36.0,367.0,109.0,23.0,10.0,27.0,134.0,1.0,2.0,3.0,2.0,4749.0,2.0,2.0,40.0,2371.0,66.0,887.0,345.0,27.0,395.0,462.0,749.0,2060.0,501.0,576.0,36.0,79.0,222.0,7.0,509.0,442.0,1.0,33089.0,2.0,6.0,2016.0,8015.0,827.0,18.0,89.0,1529.0,9.0,73.0,162.0,49.0,123.0,3.0,2.0
2020-03-25,42.0,123.0,264.0,164.0,2.0,387.0,265.0,17.0,2423.0,5282.0,87.0,390.0,39.0,18.0,81.0,4269.0,1.0,5.0,6.0,2.0,32.0,,2201.0,220.0,,91.0,72.0,1959.0,3.0,922.0,81631.0,378.0,382.0,48.0,124.0,1591.0,3.0,2.0,1082.0,1.0,369.0,11.0,5.0,792.0,22302.0,6.0,70.0,31554.0,53.0,15.0,743.0,4.0,1.0,32.0,21.0,4.0,5.0,7.0,36.0,226.0,648.0,562.0,686.0,316.0,1329.0,1930.0,69176.0,21.0,1193.0,127.0,79.0,25.0,63.0,191.0,197.0,304.0,3.0,1.0,47.0,209.0,1099.0,19.0,,1624.0,13.0,,120.0,2.0,42.0,405.0,125.0,27.0,10.0,47.0,170.0,1.0,3.0,3.0,3.0,5560.0,2.0,7.0,44.0,2566.0,84.0,991.0,443.0,37.0,416.0,552.0,901.0,2362.0,526.0,762.0,40.0,86.0,249.0,7.0,558.0,480.0,1.0,39673.0,3.0,8.0,2272.0,8789.0,934.0,18.0,114.0,1872.0,9.0,84.0,189.0,55.0,134.0,3.0,2.0
2020-03-26,75.0,146.0,302.0,188.0,2.0,502.0,290.0,19.0,2799.0,5888.0,93.0,419.0,39.0,18.0,86.0,4937.0,2.0,5.0,6.0,3.0,39.0,,2433.0,242.0,,96.0,72.0,3385.0,3.0,1142.0,81733.0,470.0,418.0,57.0,132.0,1724.0,12.0,7.0,1211.0,4.0,404.0,12.0,5.0,880.0,25233.0,6.0,73.0,36508.0,68.0,26.0,821.0,5.0,1.0,37.0,24.0,4.0,5.0,8.0,52.0,261.0,737.0,649.0,790.0,346.0,1564.0,2369.0,74386.0,25.0,1268.0,153.0,88.0,25.0,71.0,195.0,221.0,333.0,3.0,1.0,51.0,274.0,1333.0,19.0,,1796.0,13.0,2.0,129.0,2.0,48.0,475.0,149.0,31.0,10.0,53.0,225.0,5.0,3.0,4.0,3.0,6412.0,2.0,7.0,51.0,2916.0,99.0,1057.0,588.0,41.0,558.0,636.0,1051.0,2995.0,537.0,906.0,41.0,99.0,303.0,7.0,568.0,528.0,1.0,47610.0,3.0,8.0,2510.0,9714.0,1045.0,23.0,173.0,2433.0,14.0,113.0,217.0,65.0,148.0,12.0,3.0
2020-03-27,75.0,174.0,367.0,224.0,3.0,589.0,329.0,28.0,3166.0,7029.0,122.0,458.0,48.0,24.0,86.0,6235.0,2.0,6.0,15.0,3.0,61.0,,2915.0,264.0,,98.0,88.0,4018.0,5.0,1306.0,81827.0,491.0,495.0,67.0,146.0,1877.0,12.0,11.0,1403.0,6.0,538.0,12.0,5.0,958.0,29155.0,7.0,79.0,42288.0,132.0,35.0,892.0,6.0,7.0,49.0,25.0,5.0,5.0,8.0,67.0,300.0,802.0,724.0,893.0,382.0,1819.0,2666.0,80539.0,26.0,1364.0,172.0,120.0,31.0,79.0,208.0,244.0,368.0,3.0,1.0,56.0,299.0,1453.0,23.0,,2031.0,13.0,4.0,134.0,3.0,81.0,585.0,177.0,33.0,11.0,67.0,275.0,7.0,5.0,8.0,3.0,7431.0,2.0,10.0,65.0,3156.0,109.0,1197.0,674.0,52.0,580.0,707.0,1221.0,3544.0,549.0,1029.0,50.0,105.0,384.0,7.0,594.0,577.0,2.0,56188.0,3.0,8.0,2806.0,10714.0,1136.0,24.0,173.0,3629.0,14.0,156.0,238.0,83.0,153.0,14.0,3.0
2020-03-28,91.0,186.0,409.0,267.0,4.0,690.0,372.0,28.0,3378.0,7697.0,165.0,466.0,48.0,24.0,94.0,7284.0,2.0,6.0,17.0,3.0,74.0,,3417.0,293.0,,102.0,88.0,4675.0,5.0,1610.0,81946.0,539.0,586.0,80.0,162.0,2046.0,13.0,11.0,1627.0,6.0,575.0,16.0,5.0,1025.0,32964.0,7.0,81.0,48582.0,137.0,55.0,966.0,9.0,7.0,51.0,32.0,5.0,5.0,8.0,95.0,343.0,890.0,873.0,1046.0,458.0,2121.0,3035.0,86498.0,26.0,1499.0,212.0,193.0,31.0,86.0,225.0,280.0,391.0,3.0,1.0,60.0,358.0,1605.0,24.0,,2161.0,14.0,4.0,139.0,3.0,94.0,717.0,199.0,42.0,11.0,75.0,345.0,7.0,5.0,8.0,3.0,8603.0,2.0,10.0,81.0,3581.0,131.0,1197.0,786.0,56.0,635.0,803.0,1389.0,4268.0,562.0,1292.0,54.0,119.0,457.0,7.0,732.0,632.0,3.0,64059.0,3.0,8.0,3046.0,12104.0,1136.0,25.0,227.0,5698.0,14.0,218.0,238.0,104.0,169.0,16.0,5.0
2020-03-29,106.0,197.0,454.0,308.0,4.0,745.0,424.0,28.0,3809.0,8291.0,182.0,473.0,48.0,26.0,94.0,9134.0,2.0,6.0,22.0,4.0,81.0,,3904.0,331.0,,103.0,99.0,5386.0,5.0,1909.0,82059.0,608.0,657.0,119.0,179.0,2201.0,15.0,11.0,1835.0,6.0,640.0,16.0,5.0,1218.0,37575.0,7.0,85.0,52547.0,141.0,56.0,1061.0,10.0,9.0,55.0,34.0,8.0,8.0,8.0,110.0,408.0,963.0,979.0,1155.0,506.0,2415.0,3619.0,92472.0,32.0,1693.0,235.0,229.0,38.0,88.0,235.0,305.0,412.0,3.0,1.0,61.0,394.0,1831.0,28.0,,2320.0,16.0,9.0,149.0,5.0,102.0,848.0,231.0,43.0,12.0,84.0,358.0,8.0,8.0,8.0,5.0,9762.0,3.0,10.0,97.0,3845.0,152.0,1408.0,901.0,59.0,671.0,1075.0,1638.0,5170.0,590.0,1452.0,60.0,130.0,659.0,7.0,803.0,691.0,3.0,72248.0,5.0,8.0,3447.0,13152.0,1245.0,28.0,227.0,7402.0,30.0,311.0,304.0,133.0,223.0,28.0,7.0
2020-03-30,114.0,212.0,511.0,334.0,7.0,820.0,424.0,50.0,4093.0,8813.0,209.0,500.0,49.0,33.0,94.0,10836.0,2.0,6.0,22.0,4.0,96.0,,4256.0,346.0,,107.0,99.0,6255.0,5.0,2139.0,82157.0,702.0,713.0,139.0,214.0,2395.0,19.0,11.0,1890.0,12.0,679.0,16.0,5.0,1218.0,40174.0,7.0,90.0,57298.0,152.0,65.0,1156.0,10.0,9.0,56.0,36.0,8.0,8.0,15.0,139.0,447.0,1020.0,1071.0,1285.0,547.0,2615.0,4247.0,97689.0,34.0,1866.0,259.0,284.0,42.0,91.0,255.0,376.0,438.0,3.0,8.0,62.0,484.0,1950.0,37.0,,2470.0,17.0,18.0,151.0,5.0,110.0,993.0,263.0,46.0,12.0,85.0,479.0,8.0,8.0,11.0,5.0,10866.0,3.0,10.0,97.0,4102.0,167.0,1526.0,989.0,64.0,852.0,1418.0,1862.0,5962.0,634.0,1760.0,70.0,142.0,741.0,8.0,844.0,730.0,3.0,78797.0,5.0,8.0,3700.0,14274.0,1388.0,30.0,278.0,9217.0,33.0,418.0,309.0,145.0,228.0,29.0,7.0
2020-03-31,141.0,223.0,584.0,370.0,7.0,966.0,482.0,,4557.0,9618.0,273.0,515.0,49.0,34.0,105.0,11899.0,3.0,6.0,27.0,4.0,107.0,,4579.0,359.0,,109.0,142.0,7424.0,7.0,2449.0,82241.0,798.0,790.0,170.0,230.0,2577.0,26.0,11.0,1966.0,12.0,715.0,23.0,5.0,1313.0,44550.0,7.0,98.0,61913.0,152.0,69.0,1212.0,10.0,9.0,60.0,36.0,16.0,8.0,15.0,141.0,492.0,1086.0,1251.0,1414.0,630.0,2910.0,4473.0,101739.0,38.0,1953.0,268.0,325.0,50.0,106.0,266.0,376.0,446.0,3.0,8.0,64.0,484.0,1988.0,44.0,,2626.0,17.0,18.0,156.0,5.0,128.0,1094.0,298.0,49.0,12.0,91.0,556.0,8.0,14.0,11.0,5.0,11750.0,4.0,20.0,131.0,4226.0,179.0,1625.0,1075.0,65.0,950.0,2084.0,2055.0,6408.0,693.0,1952.0,70.0,162.0,741.0,10.0,844.0,763.0,3.0,85195.0,6.0,8.0,4028.0,15412.0,1651.0,34.0,312.0,10827.0,33.0,480.0,320.0,149.0,229.0,35.0,7.0
2020-04-01,166.0,243.0,716.0,376.0,7.0,966.0,532.0,55.0,4707.0,10182.0,298.0,567.0,51.0,34.0,152.0,12775.0,3.0,8.0,32.0,4.0,115.0,3.0,5717.0,399.0,2.0,109.0,193.0,8536.0,7.0,2738.0,82295.0,906.0,867.0,186.0,262.0,2860.0,31.0,11.0,2302.0,15.0,745.0,25.0,5.0,1384.0,52128.0,16.0,110.0,67366.0,152.0,69.0,1314.0,10.0,9.0,69.0,38.0,16.0,12.0,15.0,172.0,525.0,1135.0,1397.0,1528.0,694.0,3235.0,4916.0,105792.0,38.0,1953.0,274.0,340.0,59.0,112.0,289.0,398.0,463.0,3.0,10.0,68.0,533.0,2178.0,46.0,,2626.0,18.0,18.0,167.0,5.0,143.0,1215.0,353.0,52.0,12.0,109.0,617.0,8.0,15.0,11.0,5.0,12595.0,5.0,20.0,131.0,4447.0,192.0,2039.0,1181.0,69.0,1065.0,2084.0,2311.0,7443.0,781.0,2245.0,75.0,175.0,900.0,10.0,879.0,814.0,3.0,94417.0,7.0,10.0,4435.0,16108.0,1651.0,34.0,362.0,13531.0,44.0,549.0,338.0,173.0,229.0,35.0,8.0
2020-04-02,192.0,259.0,847.0,390.0,8.0,1133.0,571.0,55.0,4976.0,10711.0,359.0,569.0,54.0,45.0,152.0,13964.0,3.0,13.0,32.0,5.0,123.0,4.0,6836.0,422.0,2.0,110.0,233.0,9595.0,7.0,3031.0,82395.0,1065.0,963.0,212.0,320.0,3107.0,34.0,12.0,2758.0,18.0,779.0,29.0,7.0,1446.0,56989.0,18.0,115.0,73522.0,195.0,69.0,1375.0,10.0,10.0,77.0,46.0,30.0,19.0,16.0,219.0,585.0,1220.0,1965.0,1677.0,694.0,3447.0,5591.0,110574.0,44.0,2178.0,278.0,348.0,81.0,112.0,317.0,446.0,479.0,6.0,10.0,72.0,581.0,2319.0,54.0,,2908.0,19.0,28.0,188.0,5.0,154.0,1378.0,423.0,55.0,14.0,123.0,654.0,10.0,16.0,13.0,5.0,13614.0,5.0,74.0,151.0,4665.0,210.0,2291.0,1317.0,69.0,1323.0,2311.0,2554.0,8251.0,835.0,2460.0,82.0,190.0,1060.0,10.0,1000.0,841.0,5.0,102136.0,7.0,10.0,4947.0,17070.0,1771.0,36.0,394.0,15679.0,44.0,794.0,338.0,187.0,235.0,36.0,8.0
2020-04-03,235.0,277.0,986.0,428.0,8.0,1133.0,663.0,60.0,5224.0,11129.0,400.0,643.0,56.0,45.0,254.0,15348.0,3.0,13.0,35.0,5.0,132.0,4.0,7910.0,457.0,3.0,114.0,271.0,11268.0,7.0,3404.0,82465.0,1161.0,1011.0,233.0,356.0,3386.0,41.0,12.0,3163.0,22.0,858.0,29.0,7.0,1518.0,59105.0,18.0,121.0,79696.0,204.0,88.0,1514.0,10.0,10.0,82.0,47.0,52.0,19.0,18.0,222.0,623.0,1319.0,2301.0,1790.0,772.0,3849.0,6252.0,115242.0,47.0,2617.0,299.0,386.0,110.0,125.0,342.0,458.0,494.0,6.0,11.0,75.0,649.0,2487.0,59.0,3.0,3116.0,19.0,36.0,195.0,6.0,169.0,1510.0,505.0,60.0,14.0,144.0,708.0,10.0,20.0,13.0,5.0,14697.0,5.0,74.0,174.0,4935.0,231.0,2291.0,1475.0,77.0,1414.0,2633.0,2946.0,9034.0,949.0,2738.0,82.0,195.0,1171.0,10.0,1049.0,897.0,5.0,110238.0,7.0,10.0,5466.0,18194.0,1875.0,39.0,455.0,18135.0,45.0,804.0,369.0,190.0,239.0,39.0,8.0
2020-04-04,235.0,304.0,1171.0,439.0,8.0,1265.0,736.0,62.0,5548.0,11525.0,443.0,643.0,61.0,45.0,351.0,16770.0,4.0,16.0,35.0,5.0,139.0,4.0,9056.0,485.0,3.0,114.0,509.0,12519.0,7.0,3737.0,82527.0,1267.0,1079.0,269.0,396.0,3757.0,41.0,14.0,3368.0,22.0,961.0,35.0,12.0,1615.0,64338.0,21.0,148.0,85778.0,205.0,95.0,1613.0,10.0,12.0,87.0,50.0,52.0,23.0,18.0,264.0,678.0,1364.0,2902.0,1986.0,772.0,4273.0,7428.0,119827.0,53.0,2935.0,299.0,460.0,122.0,126.0,342.0,493.0,494.0,7.0,11.0,75.0,771.0,2612.0,65.0,3.0,3333.0,19.0,39.0,202.0,6.0,186.0,1688.0,591.0,64.0,14.0,174.0,708.0,10.0,20.0,14.0,6.0,15723.0,5.0,98.0,190.0,5208.0,231.0,2291.0,1673.0,96.0,1595.0,3018.0,3383.0,9886.0,949.0,3183.0,89.0,207.0,1476.0,10.0,1114.0,934.0,5.0,117710.0,7.0,10.0,6078.0,19227.0,1978.0,40.0,455.0,20921.0,48.0,987.0,386.0,227.0,239.0,39.0,9.0
2020-04-05,270.0,333.0,1251.0,466.0,10.0,1451.0,770.0,64.0,5687.0,11766.0,521.0,688.0,70.0,51.0,394.0,18431.0,4.0,16.0,37.0,5.0,157.0,4.0,10278.0,503.0,3.0,114.0,555.0,13882.0,8.0,4161.0,82575.0,1406.0,1126.0,288.0,426.0,4077.0,51.0,14.0,3465.0,29.0,1018.0,38.0,12.0,1882.0,68605.0,21.0,157.0,91714.0,214.0,98.0,1673.0,10.0,12.0,93.0,61.0,111.0,24.0,21.0,268.0,733.0,1417.0,3374.0,2092.0,878.0,4604.0,8018.0,124632.0,55.0,3271.0,323.0,460.0,126.0,132.0,479.0,509.0,520.0,10.0,18.0,77.0,771.0,2729.0,71.0,4.0,3483.0,19.0,41.0,213.0,6.0,196.0,1890.0,752.0,66.0,14.0,201.0,919.0,10.0,21.0,14.0,6.0,16627.0,5.0,120.0,210.0,5510.0,277.0,2450.0,1801.0,104.0,1746.0,3094.0,3627.0,10524.0,1325.0,3613.0,102.0,219.0,1624.0,10.0,1189.0,977.0,7.0,124736.0,10.0,10.0,6443.0,20201.0,2169.0,41.0,495.0,23934.0,48.0,1096.0,400.0,266.0,240.0,39.0,9.0
2020-04-06,299.0,361.0,1320.0,501.0,14.0,1554.0,822.0,64.0,5744.0,11983.0,584.0,700.0,88.0,56.0,564.0,19691.0,5.0,22.0,37.0,5.0,183.0,6.0,11130.0,531.0,3.0,114.0,650.0,15496.0,9.0,4471.0,82642.0,1485.0,1182.0,320.0,446.0,4369.0,59.0,14.0,3646.0,29.0,1097.0,43.0,14.0,1927.0,70478.0,21.0,174.0,95391.0,214.0,103.0,1735.0,11.0,12.0,110.0,70.0,121.0,29.0,21.0,298.0,744.0,1486.0,4067.0,2273.0,961.0,5111.0,8430.0,128948.0,58.0,3654.0,345.0,531.0,142.0,140.0,556.0,533.0,527.0,13.0,18.0,78.0,811.0,2804.0,72.0,4.0,3662.0,19.0,45.0,234.0,6.0,227.0,2143.0,864.0,73.0,14.0,214.0,1021.0,10.0,21.0,16.0,9.0,17851.0,5.0,184.0,232.0,5640.0,298.0,3277.0,1988.0,113.0,2281.0,3246.0,4102.0,11278.0,1604.0,3864.0,104.0,222.0,1908.0,10.0,1309.0,997.0,7.0,130759.0,12.0,10.0,6830.0,21022.0,2220.0,44.0,553.0,27069.0,52.0,1251.0,406.0,342.0,241.0,39.0,9.0
2020-04-07,337.0,377.0,1423.0,526.0,16.0,1628.0,833.0,71.0,5844.0,12297.0,641.0,756.0,123.0,60.0,700.0,20814.0,7.0,26.0,39.0,5.0,194.0,6.0,12056.0,549.0,3.0,115.0,658.0,16653.0,9.0,4815.0,82698.0,1579.0,1222.0,350.0,465.0,4681.0,90.0,15.0,3747.0,31.0,1108.0,44.0,14.0,2176.0,74390.0,21.0,188.0,99225.0,287.0,109.0,1755.0,11.0,12.0,112.0,74.0,128.0,31.0,24.0,305.0,817.0,1562.0,4421.0,2491.0,1031.0,5364.0,8904.0,132547.0,59.0,3817.0,349.0,670.0,158.0,145.0,665.0,542.0,541.0,14.0,18.0,78.0,843.0,2843.0,77.0,5.0,3793.0,19.0,47.0,241.0,6.0,244.0,2439.0,965.0,77.0,15.0,233.0,1120.0,10.0,22.0,16.0,9.0,18803.0,6.0,253.0,238.0,5755.0,371.0,3864.0,2100.0,113.0,2561.0,3660.0,4413.0,11730.0,1832.0,4057.0,105.0,226.0,2200.0,10.0,1375.0,1021.0,7.0,135032.0,12.0,10.0,7206.0,21574.0,2258.0,58.0,574.0,30217.0,52.0,1319.0,415.0,397.0,245.0,39.0,9.0
2020-04-08,367.0,383.0,1468.0,545.0,17.0,1715.0,853.0,74.0,5956.0,12640.0,717.0,811.0,164.0,63.0,861.0,22194.0,7.0,26.0,39.0,5.0,210.0,6.0,13717.0,577.0,3.0,117.0,685.0,17883.0,9.0,5116.0,82784.0,1780.0,1282.0,396.0,494.0,5071.0,121.0,15.0,3995.0,31.0,1149.0,52.0,15.0,2308.0,78167.0,30.0,196.0,103228.0,287.0,113.0,1832.0,11.0,12.0,121.0,80.0,144.0,33.0,25.0,312.0,895.0,1586.0,5194.0,2738.0,1031.0,5709.0,9248.0,135586.0,63.0,3906.0,349.0,704.0,172.0,184.0,743.0,548.0,548.0,14.0,19.0,78.0,880.0,2970.0,85.0,8.0,3963.0,19.0,56.0,293.0,6.0,268.0,2785.0,1056.0,79.0,15.0,241.0,1184.0,10.0,22.0,16.0,9.0,19580.0,6.0,278.0,254.0,5863.0,419.0,4072.0,2249.0,115.0,2954.0,3764.0,4848.0,12442.0,2057.0,4417.0,105.0,237.0,2447.0,10.0,1481.0,1055.0,8.0,140510.0,14.0,10.0,7693.0,22164.0,2369.0,65.0,596.0,34109.0,52.0,1462.0,424.0,504.0,251.0,39.0,10.0
2020-04-09,423.0,400.0,1572.0,564.0,19.0,1795.0,881.0,77.0,6052.0,12969.0,822.0,823.0,218.0,63.0,1066.0,23403.0,8.0,26.0,39.0,5.0,264.0,7.0,15927.0,593.0,3.0,118.0,730.0,19274.0,10.0,5546.0,82870.0,2054.0,1343.0,457.0,526.0,5402.0,135.0,15.0,4450.0,33.0,1185.0,55.0,15.0,2487.0,82048.0,33.0,211.0,108202.0,313.0,120.0,1884.0,11.0,12.0,125.0,87.0,164.0,37.0,27.0,343.0,980.0,1616.0,5734.0,2956.0,1202.0,6224.0,9404.0,139422.0,63.0,4257.0,358.0,759.0,179.0,184.0,855.0,577.0,575.0,31.0,21.0,79.0,912.0,3034.0,93.0,8.0,4119.0,19.0,59.0,299.0,6.0,273.0,3181.0,1174.0,81.0,16.0,249.0,1275.0,17.0,22.0,16.0,9.0,20549.0,6.0,342.0,276.0,6010.0,419.0,4322.0,2528.0,124.0,4342.0,3870.0,5205.0,13141.0,2210.0,4761.0,110.0,244.0,2666.0,10.0,1623.0,1091.0,8.0,146690.0,14.0,10.0,8419.0,22710.0,2423.0,70.0,623.0,38226.0,53.0,1668.0,456.0,555.0,251.0,39.0,11.0
2020-04-10,484.0,409.0,1666.0,583.0,19.0,1894.0,921.0,82.0,6152.0,13248.0,926.0,887.0,330.0,66.0,1486.0,24983.0,9.0,30.0,48.0,5.0,268.0,13.0,17857.0,624.0,3.0,119.0,730.0,20748.0,11.0,5972.0,82925.0,2223.0,1407.0,515.0,564.0,5635.0,140.0,16.0,4965.0,33.0,1207.0,56.0,15.0,2605.0,86334.0,44.0,218.0,113525.0,378.0,123.0,1955.0,11.0,12.0,128.0,126.0,194.0,37.0,30.0,382.0,1190.0,1648.0,6412.0,3293.0,1232.0,7393.0,9968.0,143626.0,63.0,4667.0,372.0,802.0,184.0,227.0,910.0,589.0,582.0,31.0,24.0,79.0,955.0,3115.0,93.0,8.0,4228.0,19.0,59.0,337.0,7.0,314.0,3441.0,1289.0,84.0,16.0,252.0,1374.0,17.0,27.0,16.0,9.0,21762.0,6.0,410.0,288.0,6160.0,457.0,4601.0,2752.0,129.0,5256.0,4076.0,5575.0,13956.0,2376.0,5202.0,113.0,250.0,2867.0,10.0,1909.0,1124.0,12.0,152446.0,14.0,10.0,9141.0,23495.0,2473.0,73.0,643.0,42282.0,53.0,1892.0,473.0,582.0,255.0,39.0,11.0
2020-04-11,521.0,416.0,1761.0,601.0,19.0,1975.0,937.0,86.0,6238.0,13560.0,991.0,998.0,424.0,67.0,1981.0,26667.0,10.0,35.0,48.0,5.0,276.0,13.0,19638.0,635.0,3.0,120.0,803.0,22133.0,11.0,6501.0,83004.0,2473.0,1495.0,564.0,595.0,5819.0,150.0,16.0,7161.0,34.0,1258.0,65.0,16.0,2769.0,90676.0,46.0,234.0,117658.0,378.0,127.0,2011.0,11.0,14.0,130.0,137.0,212.0,40.0,31.0,392.0,1310.0,1675.0,7447.0,3512.0,1279.0,8089.0,10408.0,147577.0,65.0,5347.0,372.0,840.0,189.0,250.0,993.0,612.0,609.0,37.0,24.0,80.0,999.0,3223.0,102.0,9.0,4346.0,19.0,87.0,350.0,7.0,318.0,3844.0,1438.0,90.0,16.0,257.0,1448.0,20.0,28.0,16.0,9.0,23097.0,6.0,438.0,305.0,6244.0,484.0,4788.0,2974.0,133.0,5897.0,4076.0,5955.0,15472.0,2512.0,5467.0,118.0,265.0,3105.0,10.0,1909.0,1160.0,21.0,157022.0,15.0,10.0,9685.0,24228.0,2518.0,76.0,671.0,47029.0,53.0,2203.0,494.0,624.0,257.0,40.0,11.0
2020-04-12,555.0,433.0,1825.0,622.0,19.0,2137.0,967.0,92.0,6289.0,13807.0,1058.0,1040.0,482.0,68.0,2226.0,28018.0,13.0,35.0,50.0,5.0,300.0,13.0,20727.0,661.0,5.0,122.0,820.0,23301.0,11.0,6927.0,83097.0,2709.0,1534.0,620.0,616.0,5996.0,187.0,16.0,7257.0,34.0,1304.0,69.0,16.0,2905.0,93790.0,49.0,242.0,120479.0,408.0,129.0,2081.0,11.0,14.0,133.0,153.0,250.0,45.0,33.0,393.0,1410.0,1689.0,8356.0,3842.0,1318.0,8928.0,10743.0,152271.0,69.0,6748.0,381.0,880.0,191.0,283.0,1154.0,630.0,619.0,48.0,25.0,80.0,1053.0,3270.0,102.0,12.0,4530.0,19.0,105.0,370.0,7.0,319.0,4219.0,1560.0,92.0,16.0,263.0,1545.0,20.0,31.0,16.0,9.0,24413.0,8.0,491.0,318.0,6320.0,546.0,5038.0,3234.0,134.0,6848.0,4428.0,6356.0,15987.0,2728.0,5990.0,120.0,278.0,3380.0,10.0,2299.0,1188.0,21.0,161852.0,19.0,10.0,10151.0,24820.0,2551.0,76.0,685.0,52167.0,53.0,2511.0,501.0,796.0,258.0,40.0,14.0
2020-04-13,607.0,446.0,1914.0,638.0,19.0,2203.0,1013.0,92.0,6322.0,13937.0,1098.0,1136.0,621.0,71.0,2578.0,29647.0,14.0,35.0,57.0,5.0,330.0,13.0,22169.0,675.0,5.0,122.0,820.0,24365.0,15.0,7213.0,83209.0,2776.0,1600.0,669.0,633.0,6174.0,214.0,16.0,7466.0,34.0,1309.0,71.0,16.0,2974.0,95403.0,57.0,257.0,123016.0,566.0,129.0,2114.0,11.0,14.0,133.0,156.0,250.0,45.0,33.0,397.0,1458.0,1701.0,9152.0,4241.0,1352.0,9655.0,11145.0,156363.0,72.0,7255.0,389.0,961.0,197.0,362.0,1234.0,651.0,630.0,50.0,25.0,80.0,1062.0,3281.0,106.0,13.0,4683.0,20.0,116.0,378.0,7.0,324.0,4661.0,1662.0,93.0,16.0,272.0,1661.0,21.0,41.0,16.0,12.0,25587.0,11.0,529.0,323.0,6415.0,599.0,5374.0,3400.0,147.0,7519.0,4648.0,6674.0,16585.0,2979.0,6300.0,126.0,280.0,3630.0,10.0,2532.0,1205.0,25.0,166019.0,19.0,10.0,10483.0,25220.0,2579.0,76.0,707.0,56956.0,54.0,2777.0,512.0,865.0,262.0,43.0,14.0
2020-04-14,665.0,467.0,1983.0,646.0,19.0,2272.0,1039.0,92.0,6366.0,14043.0,1148.0,1361.0,803.0,72.0,2919.0,30589.0,18.0,35.0,57.0,5.0,354.0,13.0,23430.0,685.0,5.0,122.0,820.0,25663.0,23.0,7525.0,83303.0,2852.0,1650.0,726.0,662.0,6318.0,298.0,16.0,7529.0,34.0,1332.0,74.0,16.0,3064.0,98076.0,57.0,272.0,125098.0,566.0,129.0,2145.0,11.0,14.0,134.0,167.0,319.0,47.0,40.0,407.0,1512.0,1711.0,10363.0,4557.0,1378.0,10647.0,11586.0,159516.0,73.0,7645.0,391.0,1179.0,208.0,377.0,1300.0,655.0,632.0,59.0,26.0,81.0,1070.0,3292.0,106.0,16.0,4817.0,20.0,123.0,384.0,7.0,324.0,5014.0,1712.0,93.0,16.0,274.0,1763.0,27.0,62.0,16.0,14.0,26551.0,12.0,548.0,343.0,6488.0,813.0,5716.0,3472.0,159.0,7519.0,4932.0,6934.0,16934.0,3231.0,6633.0,127.0,291.0,3630.0,10.0,2918.0,1212.0,25.0,169496.0,29.0,10.0,10948.0,25499.0,2613.0,77.0,726.0,61049.0,54.0,3102.0,521.0,998.0,265.0,45.0,17.0
2020-04-15,714.0,475.0,2070.0,659.0,19.0,2432.0,1111.0,92.0,6416.0,14234.0,1197.0,1528.0,1012.0,73.0,3281.0,31119.0,18.0,35.0,57.0,5.0,397.0,13.0,25262.0,713.0,5.0,122.0,855.0,27046.0,23.0,7917.0,83352.0,2979.0,1704.0,766.0,695.0,6511.0,363.0,16.0,7603.0,35.0,1373.0,82.0,16.0,3161.0,103573.0,75.0,300.0,127584.0,636.0,129.0,2170.0,11.0,14.0,135.0,180.0,363.0,48.0,40.0,419.0,1579.0,1720.0,11438.0,4839.0,1400.0,11479.0,12046.0,162488.0,105.0,8100.0,397.0,1267.0,216.0,387.0,1355.0,657.0,641.0,59.0,35.0,81.0,1070.0,3307.0,108.0,16.0,4987.0,21.0,144.0,393.0,7.0,324.0,5399.0,1934.0,93.0,30.0,283.0,1888.0,28.0,74.0,16.0,16.0,27419.0,12.0,570.0,373.0,6566.0,910.0,5988.0,3574.0,161.0,10303.0,5223.0,7202.0,17448.0,3428.0,6879.0,134.0,299.0,4054.0,11.0,3252.0,1220.0,60.0,172541.0,32.0,10.0,11445.0,25753.0,2643.0,77.0,747.0,65111.0,55.0,3372.0,533.0,1165.0,274.0,45.0,17.0
2020-04-16,784.0,494.0,2160.0,673.0,19.0,2432.0,1159.0,93.0,6458.0,14370.0,1253.0,1673.0,1231.0,75.0,3728.0,33573.0,18.0,35.0,81.0,5.0,441.0,13.0,28320.0,747.0,5.0,122.0,855.0,28364.0,27.0,8273.0,83402.0,3105.0,1741.0,814.0,715.0,6681.0,435.0,16.0,7858.0,35.0,1402.0,85.0,16.0,3237.0,106206.0,87.0,306.0,130450.0,641.0,131.0,2192.0,11.0,14.0,135.0,196.0,404.0,55.0,41.0,426.0,1652.0,1727.0,12380.0,5136.0,1415.0,12547.0,12501.0,165155.0,125.0,8582.0,401.0,1331.0,225.0,423.0,1405.0,666.0,658.0,59.0,48.0,81.0,1091.0,3373.0,110.0,16.0,5072.0,21.0,148.0,399.0,7.0,324.0,5847.0,2049.0,93.0,30.0,288.0,2024.0,29.0,74.0,16.0,16.0,28153.0,12.0,584.0,407.0,6677.0,910.0,6505.0,3751.0,174.0,11475.0,5453.0,7582.0,18091.0,3711.0,7216.0,136.0,314.0,4873.0,11.0,3699.0,1248.0,80.0,177633.0,32.0,10.0,11927.0,26336.0,2672.0,81.0,780.0,69392.0,55.0,4161.0,539.0,1302.0,275.0,48.0,23.0
2020-04-17,794.0,518.0,2268.0,682.0,19.0,2560.0,1201.0,95.0,6497.0,14448.0,1283.0,1700.0,1572.0,75.0,4204.0,34809.0,18.0,37.0,83.0,5.0,465.0,15.0,30425.0,800.0,5.0,122.0,855.0,30081.0,27.0,8807.0,83754.0,3233.0,1791.0,862.0,735.0,6879.0,591.0,16.0,8225.0,35.0,1434.0,92.0,17.0,3369.0,108847.0,95.0,348.0,133830.0,641.0,133.0,2207.0,11.0,14.0,135.0,214.0,438.0,57.0,43.0,442.0,1763.0,1739.0,13387.0,5516.0,1434.0,13271.0,12758.0,168941.0,143.0,9167.0,402.0,1470.0,234.0,449.0,1524.0,675.0,663.0,73.0,49.0,81.0,1149.0,3444.0,111.0,16.0,5182.0,25.0,171.0,412.0,7.0,324.0,6297.0,2154.0,93.0,31.0,303.0,2283.0,31.0,85.0,16.0,16.0,29214.0,12.0,609.0,442.0,6791.0,1019.0,7025.0,4016.0,174.0,12491.0,5660.0,7918.0,18841.0,4103.0,7707.0,138.0,335.0,5318.0,11.0,4427.0,1268.0,80.0,182816.0,32.0,10.0,12540.0,26651.0,2700.0,81.0,822.0,74193.0,55.0,4462.0,552.0,1380.0,275.0,48.0,24.0
2020-04-18,845.0,539.0,2418.0,696.0,19.0,2658.0,1248.0,96.0,6533.0,14603.0,1340.0,1744.0,1838.0,75.0,4779.0,36138.0,18.0,37.0,83.0,5.0,493.0,15.0,33682.0,846.0,6.0,122.0,1016.0,31872.0,33.0,9252.0,83785.0,3439.0,1814.0,923.0,735.0,7073.0,732.0,16.0,8450.0,35.0,1459.0,96.0,17.0,3489.0,109252.0,108.0,370.0,137439.0,641.0,133.0,2207.0,11.0,14.0,136.0,235.0,477.0,63.0,44.0,457.0,1834.0,1754.0,14378.0,5923.0,1482.0,13980.0,12982.0,172434.0,163.0,9795.0,407.0,1591.0,246.0,480.0,1658.0,682.0,668.0,76.0,49.0,81.0,1239.0,3480.0,117.0,17.0,5251.0,29.0,190.0,422.0,7.0,324.0,6875.0,2264.0,94.0,31.0,303.0,2564.0,34.0,94.0,16.0,30.0,30449.0,12.0,627.0,493.0,6791.0,1069.0,7481.0,4210.0,202.0,13489.0,5878.0,8379.0,19022.0,4663.0,8067.0,143.0,342.0,5690.0,11.0,5050.0,1304.0,116.0,188068.0,32.0,10.0,13216.0,26997.0,2700.0,83.0,864.0,78546.0,55.0,5106.0,570.0,1450.0,276.0,52.0,24.0
2020-04-19,908.0,548.0,2535.0,704.0,24.0,2828.0,1291.0,96.0,6586.0,14662.0,1373.0,1773.0,2144.0,75.0,4779.0,37183.0,18.0,37.0,86.0,5.0,520.0,15.0,36599.0,878.0,6.0,122.0,1016.0,33341.0,33.0,9730.0,83803.0,3621.0,1832.0,986.0,761.0,7242.0,732.0,16.0,9022.0,35.0,1512.0,105.0,17.0,3681.0,111821.0,109.0,388.0,139897.0,834.0,133.0,2207.0,11.0,14.0,136.0,257.0,477.0,63.0,44.0,472.0,1916.0,1760.0,15712.0,6248.0,1482.0,14758.0,13265.0,175925.0,173.0,10361.0,413.0,1654.0,262.0,510.0,1752.0,712.0,672.0,81.0,49.0,82.0,1298.0,3537.0,117.0,17.0,5305.0,35.0,216.0,426.0,7.0,325.0,7497.0,2351.0,94.0,31.0,307.0,2685.0,35.0,107.0,16.0,31.0,31589.0,12.0,639.0,542.0,6984.0,1180.0,7993.0,4273.0,202.0,14420.0,6087.0,8742.0,19685.0,5008.0,8418.0,144.0,350.0,5994.0,11.0,5992.0,1317.0,135.0,191726.0,66.0,10.0,13822.0,27322.0,2733.0,84.0,866.0,82329.0,55.0,5449.0,588.0,1495.0,276.0,57.0,25.0
