date,location,new_cases,new_deaths,total_cases,total_deaths,total_survivors
2020-01-30,RO,0,0,0,0,0
2020-01-31,RO,0,0,0,0,0
2020-02-01,RO,0,0,0,0,0
2020-02-02,RO,0,0,0,0,0
2020-02-03,RO,0,0,0,0,0
2020-02-04,RO,0,0,0,0,0
2020-02-05,RO,0,0,0,0,0
2020-02-06,RO,0,0,0,0,0
2020-02-07,RO,0,0,0,0,0
2020-02-08,RO,0,0,0,0,0
2020-02-09,RO,0,0,0,0,0
2020-02-10,RO,0,0,0,0,0
2020-02-11,RO,0,0,0,0,0
2020-02-12,RO,0,0,0,0,0
2020-02-13,RO,0,0,0,0,0
2020-02-14,RO,0,0,0,0,0
2020-02-15,RO,0,0,0,0,0
2020-02-16,RO,0,0,0,0,0
2020-02-17,RO,0,0,0,0,0
2020-02-18,RO,0,0,0,0,0
2020-02-19,RO,0,0,0,0,0
2020-02-20,RO,0,0,0,0,0
2020-02-21,RO,0,0,0,0,0
2020-02-22,RO,0,0,0,0,0
2020-02-23,RO,0,0,0,0,0
2020-02-24,RO,0,0,0,0,0
2020-02-25,RO,0,0,0,0,0
2020-02-26,RO,0,0,0,0,0
2020-02-27,RO,0,0,0,0,0
2020-02-28,RO,0,0,0,0,0
2020-02-29,RO,0,0,0,0,0
2020-03-01,RO,0,0,0,0,0
2020-03-02,RO,0,0,0,0,0
2020-03-03,RO,0,0,0,0,0
2020-03-04,RO,0,0,0,0,0
2020-03-05,RO,0,0,0,0,0
2020-03-06,RO,0,0,0,0,0
2020-03-07,RO,0,0,0,0,0
2020-03-08,RO,0,0,0,0,0
2020-03-09,RO,0,0,0,0,0
2020-03-10,RO,0,0,0,0,0
2020-03-11,RO,0,0,0,0,0
2020-03-12,RO,0,0,0,0,0
2020-03-13,RO,0,0,0,0,0
2020-03-14,RO,0,0,0,0,0
2020-03-15,RO,0,0,0,0,0
2020-03-16,RO,0,0,0,0,0
2020-03-17,RO,0,0,0,0,0
2020-03-18,RO,0,0,0,0,0
2020-03-19,RO,0,0,0,0,0
2020-03-20,RO,1,0,1,0,0
2020-03-21,RO,0,0,1,0,0
2020-03-22,RO,2,0,3,0,0
2020-03-23,RO,0,0,3,0,0
2020-03-24,RO,0,0,3,0,0
2020-03-25,RO,2,0,5,0,0
2020-03-26,RO,0,0,5,0,0
2020-03-27,RO,1,0,6,0,0
2020-03-28,RO,0,0,6,0,0
2020-03-29,RO,0,0,6,0,0
2020-03-30,RO,0,0,6,0,0
2020-03-31,RO,2,1,8,1,0
2020-04-01,RO,1,0,9,1,0
2020-04-02,RO,1,0,10,1,0
2020-04-03,RO,0,0,10,1,0
2020-04-04,RO,1,0,11,1,0
2020-04-05,RO,1,0,12,1,0
2020-04-06,RO,2,0,14,1,0
2020-04-07,RO,4,0,18,1,0
2020-04-08,RO,0,0,18,1,0
2020-04-09,RO,10,1,28,2,8
2020-04-10,RO,4,0,32,2,8
2020-04-11,RO,1,0,33,2,13
2020-04-12,RO,2,0,35,2,14
2020-04-13,RO,7,0,42,2,14
2020-04-14,RO,22,0,64,2,14
2020-04-15,RO,5,0,69,2,16
2020-04-16,RO,7,1,76,3,16
2020-04-17,RO,16,0,92,3,28
2020-04-18,RO,18,0,110,3,28
2020-04-19,RO,18,1,128,4,28
2020-04-20,RO,32,0,160,4,34
2020-04-21,RO,39,0,199,4,40
2020-04-22,RO,24,1,223,5,40
2020-04-23,RO,27,0,250,5,55
2020-04-24,RO,40,0,290,5,60
2020-04-25,RO,38,2,328,7,67
2020-04-26,RO,36,3,364,10,72
2020-04-27,RO,29,0,393,10,100
2020-04-28,RO,20,1,413,11,107
2020-04-29,RO,20,4,433,15,115
2020-04-30,RO,69,1,502,16,120
2020-05-01,RO,83,2,585,18,130
2020-05-02,RO,68,5,653,23,154
2020-05-03,RO,52,1,705,24,141
2020-05-04,RO,51,1,756,25,141
2020-05-05,RO,105,4,861,29,156
2020-01-30,AC,0,0,0,0,0
2020-01-31,AC,0,0,0,0,0
2020-02-01,AC,0,0,0,0,0
2020-02-02,AC,0,0,0,0,0
2020-02-03,AC,0,0,0,0,0
2020-02-04,AC,0,0,0,0,0
2020-02-05,AC,0,0,0,0,0
2020-02-06,AC,0,0,0,0,0
2020-02-07,AC,0,0,0,0,0
2020-02-08,AC,0,0,0,0,0
2020-02-09,AC,0,0,0,0,0
2020-02-10,AC,0,0,0,0,0
2020-02-11,AC,0,0,0,0,0
2020-02-12,AC,0,0,0,0,0
2020-02-13,AC,0,0,0,0,0
2020-02-14,AC,0,0,0,0,0
2020-02-15,AC,0,0,0,0,0
2020-02-16,AC,0,0,0,0,0
2020-02-17,AC,0,0,0,0,0
2020-02-18,AC,0,0,0,0,0
2020-02-19,AC,0,0,0,0,0
2020-02-20,AC,0,0,0,0,0
2020-02-21,AC,0,0,0,0,0
2020-02-22,AC,0,0,0,0,0
2020-02-23,AC,0,0,0,0,0
2020-02-24,AC,0,0,0,0,0
2020-02-25,AC,0,0,0,0,0
2020-02-26,AC,0,0,0,0,0
2020-02-27,AC,0,0,0,0,0
2020-02-28,AC,0,0,0,0,0
2020-02-29,AC,0,0,0,0,0
2020-03-01,AC,0,0,0,0,0
2020-03-02,AC,0,0,0,0,0
2020-03-03,AC,0,0,0,0,0
2020-03-04,AC,0,0,0,0,0
2020-03-05,AC,0,0,0,0,0
2020-03-06,AC,0,0,0,0,0
2020-03-07,AC,0,0,0,0,0
2020-03-08,AC,0,0,0,0,0
2020-03-09,AC,0,0,0,0,0
2020-03-10,AC,0,0,0,0,0
2020-03-11,AC,0,0,0,0,0
2020-03-12,AC,0,0,0,0,0
2020-03-13,AC,0,0,0,0,0
2020-03-14,AC,0,0,0,0,0
2020-03-15,AC,0,0,0,0,0
2020-03-16,AC,0,0,0,0,0
2020-03-17,AC,0,0,0,0,0
2020-03-18,AC,0,0,0,0,0
2020-03-19,AC,3,0,3,0,0
2020-03-20,AC,4,0,7,0,0
2020-03-21,AC,2,0,9,0,0
2020-03-22,AC,2,0,11,0,0
2020-03-23,AC,0,0,11,0,0
2020-03-24,AC,6,0,17,0,0
2020-03-25,AC,6,0,23,0,0
2020-03-26,AC,1,0,24,0,0
2020-03-27,AC,1,0,25,0,0
2020-03-28,AC,0,0,25,0,0
2020-03-29,AC,9,0,34,0,0
2020-03-30,AC,8,0,42,0,0
2020-03-31,AC,0,0,42,0,0
2020-04-01,AC,1,0,43,0,0
2020-04-02,AC,0,0,43,0,0
2020-04-03,AC,3,0,46,0,0
2020-04-04,AC,0,0,46,0,0
2020-04-05,AC,2,0,48,0,0
2020-04-06,AC,2,0,50,0,0
2020-04-07,AC,0,1,50,1,0
2020-04-08,AC,4,1,54,2,0
2020-04-09,AC,8,0,62,2,39
2020-04-10,AC,8,0,70,2,39
2020-04-11,AC,2,0,72,2,41
2020-04-12,AC,5,0,77,2,42
2020-04-13,AC,13,1,90,3,42
2020-04-14,AC,9,0,99,3,48
2020-04-15,AC,2,0,101,3,48
2020-04-16,AC,9,2,110,5,48
2020-04-17,AC,25,0,135,5,55
2020-04-18,AC,7,0,142,5,55
2020-04-19,AC,21,1,163,6,58
2020-04-20,AC,13,2,176,8,58
2020-04-21,AC,19,0,195,8,64
2020-04-22,AC,19,0,214,8,74
2020-04-23,AC,13,2,227,10,78
2020-04-24,AC,7,1,234,11,88
2020-04-25,AC,24,0,258,11,93
2020-04-26,AC,21,0,279,11,99
2020-04-27,AC,0,3,279,14,105
2020-04-28,AC,32,2,311,16,114
2020-04-29,AC,43,1,354,17,114
2020-04-30,AC,50,2,404,19,141
2020-05-01,AC,82,0,486,19,161
2020-05-02,AC,67,3,553,22,161
2020-05-03,AC,104,3,657,24,161
2020-05-04,AC,76,4,733,28,189
2020-05-05,AC,84,1,817,29,233
2020-01-30,AL,0,0,0,0,0
2020-01-31,AL,0,0,0,0,0
2020-02-01,AL,0,0,0,0,0
2020-02-02,AL,0,0,0,0,0
2020-02-03,AL,0,0,0,0,0
2020-02-04,AL,0,0,0,0,0
2020-02-05,AL,0,0,0,0,0
2020-02-06,AL,0,0,0,0,0
2020-02-07,AL,0,0,0,0,0
2020-02-08,AL,0,0,0,0,0
2020-02-09,AL,0,0,0,0,0
2020-02-10,AL,0,0,0,0,0
2020-02-11,AL,0,0,0,0,0
2020-02-12,AL,0,0,0,0,0
2020-02-13,AL,0,0,0,0,0
2020-02-14,AL,0,0,0,0,0
2020-02-15,AL,0,0,0,0,0
2020-02-16,AL,0,0,0,0,0
2020-02-17,AL,0,0,0,0,0
2020-02-18,AL,0,0,0,0,0
2020-02-19,AL,0,0,0,0,0
2020-02-20,AL,0,0,0,0,0
2020-02-21,AL,0,0,0,0,0
2020-02-22,AL,0,0,0,0,0
2020-02-23,AL,0,0,0,0,0
2020-02-24,AL,0,0,0,0,0
2020-02-25,AL,0,0,0,0,0
2020-02-26,AL,0,0,0,0,0
2020-02-27,AL,0,0,0,0,0
2020-02-28,AL,0,0,0,0,0
2020-02-29,AL,0,0,0,0,0
2020-03-01,AL,0,0,0,0,0
2020-03-02,AL,0,0,0,0,0
2020-03-03,AL,0,0,0,0,0
2020-03-04,AL,0,0,0,0,0
2020-03-05,AL,0,0,0,0,0
2020-03-06,AL,0,0,0,0,0
2020-03-07,AL,0,0,0,0,0
2020-03-08,AL,1,0,1,0,0
2020-03-09,AL,0,0,1,0,0
2020-03-10,AL,0,0,1,0,0
2020-03-11,AL,0,0,1,0,0
2020-03-12,AL,0,0,1,0,0
2020-03-13,AL,0,0,1,0,0
2020-03-14,AL,0,0,1,0,0
2020-03-15,AL,0,0,1,0,0
2020-03-16,AL,0,0,1,0,0
2020-03-17,AL,0,0,1,0,0
2020-03-18,AL,0,0,1,0,0
2020-03-19,AL,3,0,4,0,0
2020-03-20,AL,1,0,5,0,0
2020-03-21,AL,2,0,7,0,0
2020-03-22,AL,0,0,7,0,0
2020-03-23,AL,0,0,7,0,0
2020-03-24,AL,2,0,9,0,0
2020-03-25,AL,2,0,11,0,0
2020-03-26,AL,0,0,11,0,0
2020-03-27,AL,0,0,11,0,0
2020-03-28,AL,3,0,14,0,0
2020-03-29,AL,3,0,17,0,0
2020-03-30,AL,0,0,17,0,0
2020-03-31,AL,1,1,18,1,0
2020-04-01,AL,0,0,18,1,0
2020-04-02,AL,0,0,18,1,0
2020-04-03,AL,4,1,22,2,0
2020-04-04,AL,1,0,23,2,0
2020-04-05,AL,5,0,28,2,0
2020-04-06,AL,3,0,31,2,0
2020-04-07,AL,1,0,32,2,0
2020-04-08,AL,5,0,37,2,0
2020-04-09,AL,0,1,37,3,11
2020-04-10,AL,8,0,45,3,11
2020-04-11,AL,3,0,48,3,14
2020-04-12,AL,0,0,48,3,14
2020-04-13,AL,2,0,50,3,14
2020-04-14,AL,22,1,72,4,16
2020-04-15,AL,10,1,82,5,24
2020-04-16,AL,7,0,89,5,24
2020-04-17,AL,21,2,110,7,26
2020-04-18,AL,22,0,132,7,27
2020-04-19,AL,27,8,159,15,30
2020-04-20,AL,12,3,171,18,58
2020-04-21,AL,39,1,210,19,73
2020-04-22,AL,33,1,243,20,74
2020-04-23,AL,81,2,324,22,75
2020-04-24,AL,89,5,413,27,78
2020-04-25,AL,88,2,501,29,87
2020-04-26,AL,53,3,554,32,90
2020-04-27,AL,89,2,643,34,94
2020-04-28,AL,134,2,777,36,107
2020-04-29,AL,180,5,957,41,107
2020-04-30,AL,87,6,1044,47,238
2020-05-01,AL,182,6,1226,53,239
2020-05-02,AL,146,5,1372,58,239
2020-05-03,AL,69,6,1441,64,292
2020-05-04,AL,97,8,1538,72,356
2020-05-05,AL,68,8,1606,80,356
2020-01-30,AM,0,0,0,0,0
2020-01-31,AM,0,0,0,0,0
2020-02-01,AM,0,0,0,0,0
2020-02-02,AM,0,0,0,0,0
2020-02-03,AM,0,0,0,0,0
2020-02-04,AM,0,0,0,0,0
2020-02-05,AM,0,0,0,0,0
2020-02-06,AM,0,0,0,0,0
2020-02-07,AM,0,0,0,0,0
2020-02-08,AM,0,0,0,0,0
2020-02-09,AM,0,0,0,0,0
2020-02-10,AM,0,0,0,0,0
2020-02-11,AM,0,0,0,0,0
2020-02-12,AM,0,0,0,0,0
2020-02-13,AM,0,0,0,0,0
2020-02-14,AM,0,0,0,0,0
2020-02-15,AM,0,0,0,0,0
2020-02-16,AM,0,0,0,0,0
2020-02-17,AM,0,0,0,0,0
2020-02-18,AM,0,0,0,0,0
2020-02-19,AM,0,0,0,0,0
2020-02-20,AM,0,0,0,0,0
2020-02-21,AM,0,0,0,0,0
2020-02-22,AM,0,0,0,0,0
2020-02-23,AM,0,0,0,0,0
2020-02-24,AM,0,0,0,0,0
2020-02-25,AM,0,0,0,0,0
2020-02-26,AM,0,0,0,0,0
2020-02-27,AM,0,0,0,0,0
2020-02-28,AM,0,0,0,0,0
2020-02-29,AM,0,0,0,0,0
2020-03-01,AM,0,0,0,0,0
2020-03-02,AM,0,0,0,0,0
2020-03-03,AM,0,0,0,0,0
2020-03-04,AM,0,0,0,0,0
2020-03-05,AM,0,0,0,0,0
2020-03-06,AM,0,0,0,0,0
2020-03-07,AM,0,0,0,0,0
2020-03-08,AM,0,0,0,0,0
2020-03-09,AM,0,0,0,0,0
2020-03-10,AM,0,0,0,0,0
2020-03-11,AM,0,0,0,0,0
2020-03-12,AM,0,0,0,0,0
2020-03-13,AM,0,0,0,0,0
2020-03-14,AM,0,0,0,0,0
2020-03-15,AM,1,0,1,0,0
2020-03-16,AM,0,0,1,0,0
2020-03-17,AM,0,0,1,0,0
2020-03-18,AM,0,0,1,0,0
2020-03-19,AM,2,0,3,0,0
2020-03-20,AM,0,0,3,0,0
2020-03-21,AM,8,0,11,0,0
2020-03-22,AM,15,0,26,0,0
2020-03-23,AM,6,0,32,0,0
2020-03-24,AM,15,0,47,0,0
2020-03-25,AM,7,1,54,1,0
2020-03-26,AM,13,0,67,1,0
2020-03-27,AM,14,0,81,1,0
2020-03-28,AM,30,0,111,1,0
2020-03-29,AM,29,0,140,1,0
2020-03-30,AM,11,0,151,1,0
2020-03-31,AM,24,2,175,3,0
2020-04-01,AM,25,0,200,3,0
2020-04-02,AM,29,0,229,3,0
2020-04-03,AM,31,4,260,7,0
2020-04-04,AM,51,5,311,12,0
2020-04-05,AM,106,2,417,14,0
2020-04-06,AM,115,5,532,19,0
2020-04-07,AM,104,4,636,23,0
2020-04-08,AM,168,7,804,30,0
2020-04-09,AM,95,10,899,40,44
2020-04-10,AM,82,10,981,50,44
2020-04-11,AM,69,3,1050,53,44
2020-04-12,AM,156,9,1206,62,138
2020-04-13,AM,69,9,1275,71,147
2020-04-14,AM,209,19,1484,90,171
2020-04-15,AM,70,16,1554,106,190
2020-04-16,AM,165,18,1719,124,221
2020-04-17,AM,90,21,1809,145,386
2020-04-18,AM,88,16,1897,161,432
2020-04-19,AM,147,21,2044,182,532
2020-04-20,AM,116,3,2160,185,635
2020-04-21,AM,110,8,2270,193,726
2020-04-22,AM,209,14,2479,207,879
2020-04-23,AM,409,27,2888,234,961
2020-04-24,AM,306,21,3194,255,1037
2020-04-25,AM,441,32,3635,287,1089
2020-04-26,AM,198,17,3833,304,1220
2020-04-27,AM,95,16,3928,320,1272
2020-04-28,AM,409,31,4337,351,1456
2020-04-29,AM,464,29,4801,380,1487
2020-04-30,AM,453,45,5254,425,1639
2020-05-01,AM,469,51,5723,476,1708
2020-05-02,AM,339,25,6062,501,1770
2020-05-03,AM,621,47,6683,548,1901
2020-05-04,AM,559,36,7242,584,2000
2020-05-05,AM,867,65,8109,649,2097
2020-01-30,AP,0,0,0,0,0
2020-01-31,AP,0,0,0,0,0
2020-02-01,AP,0,0,0,0,0
2020-02-02,AP,0,0,0,0,0
2020-02-03,AP,0,0,0,0,0
2020-02-04,AP,0,0,0,0,0
2020-02-05,AP,0,0,0,0,0
2020-02-06,AP,0,0,0,0,0
2020-02-07,AP,0,0,0,0,0
2020-02-08,AP,0,0,0,0,0
2020-02-09,AP,0,0,0,0,0
2020-02-10,AP,0,0,0,0,0
2020-02-11,AP,0,0,0,0,0
2020-02-12,AP,0,0,0,0,0
2020-02-13,AP,0,0,0,0,0
2020-02-14,AP,0,0,0,0,0
2020-02-15,AP,0,0,0,0,0
2020-02-16,AP,0,0,0,0,0
2020-02-17,AP,0,0,0,0,0
2020-02-18,AP,0,0,0,0,0
2020-02-19,AP,0,0,0,0,0
2020-02-20,AP,0,0,0,0,0
2020-02-21,AP,0,0,0,0,0
2020-02-22,AP,0,0,0,0,0
2020-02-23,AP,0,0,0,0,0
2020-02-24,AP,0,0,0,0,0
2020-02-25,AP,0,0,0,0,0
2020-02-26,AP,0,0,0,0,0
2020-02-27,AP,0,0,0,0,0
2020-02-28,AP,0,0,0,0,0
2020-02-29,AP,0,0,0,0,0
2020-03-01,AP,0,0,0,0,0
2020-03-02,AP,0,0,0,0,0
2020-03-03,AP,0,0,0,0,0
2020-03-04,AP,0,0,0,0,0
2020-03-05,AP,0,0,0,0,0
2020-03-06,AP,0,0,0,0,0
2020-03-07,AP,0,0,0,0,0
2020-03-08,AP,0,0,0,0,0
2020-03-09,AP,0,0,0,0,0
2020-03-10,AP,0,0,0,0,0
2020-03-11,AP,0,0,0,0,0
2020-03-12,AP,0,0,0,0,0
2020-03-13,AP,0,0,0,0,0
2020-03-14,AP,0,0,0,0,0
2020-03-15,AP,0,0,0,0,0
2020-03-16,AP,0,0,0,0,0
2020-03-17,AP,0,0,0,0,0
2020-03-18,AP,0,0,0,0,0
2020-03-19,AP,0,0,0,0,0
2020-03-20,AP,1,0,1,0,0
2020-03-21,AP,0,0,1,0,0
2020-03-22,AP,0,0,1,0,0
2020-03-23,AP,0,0,1,0,0
2020-03-24,AP,0,0,1,0,0
2020-03-25,AP,0,0,1,0,0
2020-03-26,AP,1,0,2,0,0
2020-03-27,AP,0,0,2,0,0
2020-03-28,AP,2,0,4,0,0
2020-03-29,AP,0,0,4,0,0
2020-03-30,AP,4,0,8,0,0
2020-03-31,AP,2,0,10,0,0
2020-04-01,AP,1,0,11,0,0
2020-04-02,AP,0,0,11,0,0
2020-04-03,AP,8,0,19,0,0
2020-04-04,AP,9,1,28,1,0
2020-04-05,AP,1,1,29,2,0
2020-04-06,AP,5,0,34,2,0
2020-04-07,AP,14,0,48,2,0
2020-04-08,AP,59,0,107,2,0
2020-04-09,AP,21,0,128,2,51
2020-04-10,AP,38,0,166,2,55
2020-04-11,AP,27,1,193,3,83
2020-04-12,AP,37,2,230,5,92
2020-04-13,AP,12,0,242,5,99
2020-04-14,AP,65,1,307,6,133
2020-04-15,AP,27,1,334,7,145
2020-04-16,AP,28,2,362,9,161
2020-04-17,AP,8,1,370,10,166
2020-04-18,AP,23,0,393,10,179
2020-04-19,AP,23,1,416,11,189
2020-04-20,AP,17,2,433,13,206
2020-04-21,AP,24,0,457,13,222
2020-04-22,AP,22,1,479,14,235
2020-04-23,AP,69,2,548,16,258
2020-04-24,AP,85,2,633,18,272
2020-04-25,AP,52,1,685,19,285
2020-04-26,AP,113,2,798,21,306
2020-04-27,AP,44,5,842,26,355
2020-04-28,AP,76,2,918,28,419
2020-04-29,AP,98,3,1016,31,471
2020-04-30,AP,64,3,1080,34,475
2020-05-01,AP,41,3,1121,37,488
2020-05-02,AP,66,3,1187,40,507
2020-05-03,AP,295,3,1482,43,521
2020-05-04,AP,251,6,1733,49,531
2020-05-05,AP,198,6,1931,55,557
2020-01-30,BA,0,0,0,0,0
2020-01-31,BA,0,0,0,0,0
2020-02-01,BA,0,0,0,0,0
2020-02-02,BA,0,0,0,0,0
2020-02-03,BA,0,0,0,0,0
2020-02-04,BA,0,0,0,0,0
2020-02-05,BA,0,0,0,0,0
2020-02-06,BA,0,0,0,0,0
2020-02-07,BA,0,0,0,0,0
2020-02-08,BA,0,0,0,0,0
2020-02-09,BA,0,0,0,0,0
2020-02-10,BA,0,0,0,0,0
2020-02-11,BA,0,0,0,0,0
2020-02-12,BA,0,0,0,0,0
2020-02-13,BA,0,0,0,0,0
2020-02-14,BA,0,0,0,0,0
2020-02-15,BA,0,0,0,0,0
2020-02-16,BA,0,0,0,0,0
2020-02-17,BA,0,0,0,0,0
2020-02-18,BA,0,0,0,0,0
2020-02-19,BA,0,0,0,0,0
2020-02-20,BA,0,0,0,0,0
2020-02-21,BA,0,0,0,0,0
2020-02-22,BA,0,0,0,0,0
2020-02-23,BA,0,0,0,0,0
2020-02-24,BA,0,0,0,0,0
2020-02-25,BA,0,0,0,0,0
2020-02-26,BA,0,0,0,0,0
2020-02-27,BA,0,0,0,0,0
2020-02-28,BA,0,0,0,0,0
2020-02-29,BA,0,0,0,0,0
2020-03-01,BA,0,0,0,0,0
2020-03-02,BA,0,0,0,0,0
2020-03-03,BA,0,0,0,0,0
2020-03-04,BA,0,0,0,0,0
2020-03-05,BA,0,0,0,0,0
2020-03-06,BA,1,0,1,0,0
2020-03-07,BA,1,0,2,0,0
2020-03-08,BA,0,0,2,0,0
2020-03-09,BA,0,0,2,0,0
2020-03-10,BA,0,0,2,0,0
2020-03-11,BA,0,0,2,0,0
2020-03-12,BA,0,0,2,0,0
2020-03-13,BA,0,0,2,0,0
2020-03-14,BA,0,0,2,0,0
2020-03-15,BA,0,0,2,0,0
2020-03-16,BA,0,0,2,0,0
2020-03-17,BA,1,0,3,0,0
2020-03-18,BA,0,0,3,0,0
2020-03-19,BA,27,0,30,0,0
2020-03-20,BA,3,0,33,0,0
2020-03-21,BA,8,0,41,0,0
2020-03-22,BA,8,0,49,0,0
2020-03-23,BA,14,0,63,0,0
2020-03-24,BA,13,0,76,0,0
2020-03-25,BA,8,0,84,0,0
2020-03-26,BA,20,0,104,0,0
2020-03-27,BA,11,0,115,0,0
2020-03-28,BA,12,0,127,0,0
2020-03-29,BA,27,1,154,1,0
2020-03-30,BA,22,0,176,1,0
2020-03-31,BA,37,1,213,2,0
2020-04-01,BA,33,0,246,2,0
2020-04-02,BA,21,1,267,3,0
2020-04-03,BA,15,2,282,5,0
2020-04-04,BA,50,2,332,7,0
2020-04-05,BA,69,2,401,9,0
2020-04-06,BA,30,1,431,10,0
2020-04-07,BA,25,2,456,12,0
2020-04-08,BA,41,3,497,15,0
2020-04-09,BA,62,4,559,19,146
2020-04-10,BA,45,0,604,19,146
2020-04-11,BA,31,2,635,21,146
2020-04-12,BA,38,0,673,21,148
2020-04-13,BA,50,1,723,22,164
2020-04-14,BA,36,0,759,22,191
2020-04-15,BA,48,5,807,27,218
2020-04-16,BA,144,3,951,30,253
2020-04-17,BA,108,6,1059,36,273
2020-04-18,BA,134,1,1193,37,304
2020-04-19,BA,37,8,1230,45,321
2020-04-20,BA,111,1,1341,46,351
2020-04-21,BA,148,1,1489,47,376
2020-04-22,BA,155,3,1644,50,405
2020-04-23,BA,145,9,1789,59,428
2020-04-24,BA,173,5,1962,64,452
2020-04-25,BA,119,6,2081,70,454
2020-04-26,BA,128,3,2209,73,473
2020-04-27,BA,145,3,2354,76,501
2020-04-28,BA,186,10,2540,86,522
2020-04-29,BA,106,10,2646,96,564
2020-04-30,BA,205,8,2851,104,582
2020-05-01,BA,234,13,3085,117,689
2020-05-02,BA,230,6,3315,123,689
2020-05-03,BA,228,0,3495,123,754
2020-05-04,BA,239,18,3734,141,754
2020-05-05,BA,306,5,4040,146,862
2020-01-30,CE,0,0,0,0,0
2020-01-31,CE,0,0,0,0,0
2020-02-01,CE,0,0,0,0,0
2020-02-02,CE,0,0,0,0,0
2020-02-03,CE,0,0,0,0,0
2020-02-04,CE,0,0,0,0,0
2020-02-05,CE,0,0,0,0,0
2020-02-06,CE,0,0,0,0,0
2020-02-07,CE,0,0,0,0,0
2020-02-08,CE,0,0,0,0,0
2020-02-09,CE,0,0,0,0,0
2020-02-10,CE,0,0,0,0,0
2020-02-11,CE,0,0,0,0,0
2020-02-12,CE,0,0,0,0,0
2020-02-13,CE,0,0,0,0,0
2020-02-14,CE,0,0,0,0,0
2020-02-15,CE,0,0,0,0,0
2020-02-16,CE,0,0,0,0,0
2020-02-17,CE,0,0,0,0,0
2020-02-18,CE,0,0,0,0,0
2020-02-19,CE,0,0,0,0,0
2020-02-20,CE,0,0,0,0,0
2020-02-21,CE,0,0,0,0,0
2020-02-22,CE,0,0,0,0,0
2020-02-23,CE,0,0,0,0,0
2020-02-24,CE,0,0,0,0,0
2020-02-25,CE,0,0,0,0,0
2020-02-26,CE,0,0,0,0,0
2020-02-27,CE,0,0,0,0,0
2020-02-28,CE,0,0,0,0,0
2020-02-29,CE,0,0,0,0,0
2020-03-01,CE,0,0,0,0,0
2020-03-02,CE,0,0,0,0,0
2020-03-03,CE,0,0,0,0,0
2020-03-04,CE,0,0,0,0,0
2020-03-05,CE,0,0,0,0,0
2020-03-06,CE,0,0,0,0,0
2020-03-07,CE,0,0,0,0,0
2020-03-08,CE,0,0,0,0,0
2020-03-09,CE,0,0,0,0,0
2020-03-10,CE,0,0,0,0,0
2020-03-11,CE,0,0,0,0,0
2020-03-12,CE,0,0,0,0,0
2020-03-13,CE,0,0,0,0,0
2020-03-14,CE,0,0,0,0,0
2020-03-15,CE,0,0,0,0,0
2020-03-16,CE,0,0,0,0,0
2020-03-17,CE,5,0,5,0,0
2020-03-18,CE,4,0,9,0,0
2020-03-19,CE,11,0,20,0,0
2020-03-20,CE,35,0,55,0,0
2020-03-21,CE,13,0,68,0,0
2020-03-22,CE,44,0,112,0,0
2020-03-23,CE,51,0,163,0,0
2020-03-24,CE,19,0,182,0,0
2020-03-25,CE,18,0,200,0,0
2020-03-26,CE,35,3,235,3,0
2020-03-27,CE,47,0,282,3,0
2020-03-28,CE,32,1,314,4,0
2020-03-29,CE,34,1,348,5,0
2020-03-30,CE,24,0,372,5,0
2020-03-31,CE,18,2,390,7,0
2020-04-01,CE,54,1,444,8,0
2020-04-02,CE,106,12,550,20,0
2020-04-03,CE,77,2,627,22,0
2020-04-04,CE,103,0,730,22,0
2020-04-05,CE,93,4,823,26,0
2020-04-06,CE,190,3,1013,29,0
2020-04-07,CE,38,2,1051,31,0
2020-04-08,CE,240,12,1291,43,0
2020-04-09,CE,134,12,1425,55,143
2020-04-10,CE,53,3,1478,58,39
2020-04-11,CE,104,9,1582,67,92
2020-04-12,CE,94,7,1676,74,92
2020-04-13,CE,124,17,1800,91,92
2020-04-14,CE,205,16,2005,107,92
2020-04-15,CE,152,9,2157,116,92
2020-04-16,CE,229,8,2386,124,92
2020-04-17,CE,298,25,2684,149,92
2020-04-18,CE,350,27,3034,176,92
2020-04-19,CE,218,10,3252,186,92
2020-04-20,CE,230,12,3482,198,92
2020-04-21,CE,234,17,3716,215,267
2020-04-22,CE,194,18,3910,233,267
2020-04-23,CE,688,33,4598,266,267
2020-04-24,CE,202,18,4800,284,267
2020-04-25,CE,621,26,5421,310,267
2020-04-26,CE,412,17,5833,327,267
2020-04-27,CE,893,63,6726,390,267
2020-04-28,CE,192,13,6918,403,267
2020-04-29,CE,349,38,7267,441,267
2020-04-30,CE,339,41,7606,482,269
2020-05-01,CE,273,23,7879,505,1192
2020-05-02,CE,430,133,8309,638,1193
2020-05-03,CE,139,49,8370,663,1192
2020-05-04,CE,2670,49,11040,712,1249
2020-05-05,CE,430,83,11470,795,1510
2020-01-30,DF,0,0,0,0,0
2020-01-31,DF,0,0,0,0,0
2020-02-01,DF,0,0,0,0,0
2020-02-02,DF,0,0,0,0,0
2020-02-03,DF,0,0,0,0,0
2020-02-04,DF,0,0,0,0,0
2020-02-05,DF,0,0,0,0,0
2020-02-06,DF,0,0,0,0,0
2020-02-07,DF,0,0,0,0,0
2020-02-08,DF,0,0,0,0,0
2020-02-09,DF,0,0,0,0,0
2020-02-10,DF,0,0,0,0,0
2020-02-11,DF,0,0,0,0,0
2020-02-12,DF,0,0,0,0,0
2020-02-13,DF,0,0,0,0,0
2020-02-14,DF,0,0,0,0,0
2020-02-15,DF,0,0,0,0,0
2020-02-16,DF,0,0,0,0,0
2020-02-17,DF,0,0,0,0,0
2020-02-18,DF,0,0,0,0,0
2020-02-19,DF,0,0,0,0,0
2020-02-20,DF,0,0,0,0,0
2020-02-21,DF,0,0,0,0,0
2020-02-22,DF,0,0,0,0,0
2020-02-23,DF,0,0,0,0,0
2020-02-24,DF,0,0,0,0,0
2020-02-25,DF,0,0,0,0,0
2020-02-26,DF,0,0,0,0,0
2020-02-27,DF,0,0,0,0,0
2020-02-28,DF,0,0,0,0,0
2020-02-29,DF,0,0,0,0,0
2020-03-01,DF,0,0,0,0,0
2020-03-02,DF,0,0,0,0,0
2020-03-03,DF,0,0,0,0,0
2020-03-04,DF,0,0,0,0,0
2020-03-05,DF,0,0,0,0,0
2020-03-06,DF,0,0,0,0,0
2020-03-07,DF,1,0,1,0,0
2020-03-08,DF,0,0,1,0,0
2020-03-09,DF,0,0,1,0,0
2020-03-10,DF,0,0,1,0,0
2020-03-11,DF,1,0,2,0,0
2020-03-12,DF,0,0,2,0,0
2020-03-13,DF,0,0,2,0,0
2020-03-14,DF,4,0,6,0,0
2020-03-15,DF,2,0,8,0,0
2020-03-16,DF,5,0,13,0,0
2020-03-17,DF,9,0,22,0,0
2020-03-18,DF,4,0,26,0,0
2020-03-19,DF,16,0,42,0,0
2020-03-20,DF,45,0,87,0,0
2020-03-21,DF,13,0,100,0,0
2020-03-22,DF,17,0,117,0,0
2020-03-23,DF,16,0,133,0,0
2020-03-24,DF,27,0,160,0,0
2020-03-25,DF,0,0,160,0,0
2020-03-26,DF,40,0,200,0,0
2020-03-27,DF,30,0,230,0,0
2020-03-28,DF,30,0,260,0,0
2020-03-29,DF,29,1,289,1,0
2020-03-30,DF,23,0,312,1,0
2020-03-31,DF,20,2,332,3,0
2020-04-01,DF,23,0,355,3,0
2020-04-02,DF,15,1,370,4,0
2020-04-03,DF,32,1,402,5,0
2020-04-04,DF,52,2,454,7,0
2020-04-05,DF,14,0,468,7,0
2020-04-06,DF,5,3,473,10,0
2020-04-07,DF,19,2,492,12,0
2020-04-08,DF,17,0,509,12,0
2020-04-09,DF,18,1,527,13,148
2020-04-10,DF,28,1,555,14,148
2020-04-11,DF,24,0,579,14,148
2020-04-12,DF,35,0,614,14,148
2020-04-13,DF,24,1,638,15,148
2020-04-14,DF,13,2,651,17,311
2020-04-15,DF,31,0,682,17,333
2020-04-16,DF,34,3,716,20,496
2020-04-17,DF,30,0,746,20,564
2020-04-18,DF,16,4,762,24,582
2020-04-19,DF,65,0,827,24,582
2020-04-20,DF,45,0,872,24,582
2020-04-21,DF,9,0,881,24,587
2020-04-22,DF,65,1,946,25,612
2020-04-23,DF,17,0,963,25,638
2020-04-24,DF,26,1,989,26,657
2020-04-25,DF,24,0,1013,26,680
2020-04-26,DF,53,1,1066,27,705
2020-04-27,DF,80,0,1146,27,705
2020-04-28,DF,67,1,1213,28,791
2020-04-29,DF,62,0,1275,28,862
2020-04-30,DF,81,2,1356,30,864
2020-05-01,DF,110,0,1466,30,901
2020-05-02,DF,100,1,1566,31,949
2020-05-03,DF,83,2,1649,33,985
2020-05-04,DF,119,0,1768,33,1009
2020-05-05,DF,50,0,1818,33,1081
2020-01-30,ES,0,0,0,0,0
2020-01-31,ES,0,0,0,0,0
2020-02-01,ES,0,0,0,0,0
2020-02-02,ES,0,0,0,0,0
2020-02-03,ES,0,0,0,0,0
2020-02-04,ES,0,0,0,0,0
2020-02-05,ES,0,0,0,0,0
2020-02-06,ES,0,0,0,0,0
2020-02-07,ES,0,0,0,0,0
2020-02-08,ES,0,0,0,0,0
2020-02-09,ES,0,0,0,0,0
2020-02-10,ES,0,0,0,0,0
2020-02-11,ES,0,0,0,0,0
2020-02-12,ES,0,0,0,0,0
2020-02-13,ES,0,0,0,0,0
2020-02-14,ES,0,0,0,0,0
2020-02-15,ES,0,0,0,0,0
2020-02-16,ES,0,0,0,0,0
2020-02-17,ES,0,0,0,0,0
2020-02-18,ES,0,0,0,0,0
2020-02-19,ES,0,0,0,0,0
2020-02-20,ES,0,0,0,0,0
2020-02-21,ES,0,0,0,0,0
2020-02-22,ES,0,0,0,0,0
2020-02-23,ES,0,0,0,0,0
2020-02-24,ES,0,0,0,0,0
2020-02-25,ES,0,0,0,0,0
2020-02-26,ES,0,0,0,0,0
2020-02-27,ES,0,0,0,0,0
2020-02-28,ES,0,0,0,0,0
2020-02-29,ES,0,0,0,0,0
2020-03-01,ES,0,0,0,0,0
2020-03-02,ES,0,0,0,0,0
2020-03-03,ES,0,0,0,0,0
2020-03-04,ES,0,0,0,0,0
2020-03-05,ES,0,0,0,0,0
2020-03-06,ES,1,0,1,0,0
2020-03-07,ES,0,0,1,0,0
2020-03-08,ES,0,0,1,0,0
2020-03-09,ES,0,0,1,0,0
2020-03-10,ES,0,0,1,0,0
2020-03-11,ES,0,0,1,0,0
2020-03-12,ES,0,0,1,0,0
2020-03-13,ES,0,0,1,0,0
2020-03-14,ES,0,0,1,0,0
2020-03-15,ES,0,0,1,0,0
2020-03-16,ES,0,0,1,0,0
2020-03-17,ES,0,0,1,0,0
2020-03-18,ES,8,0,9,0,0
2020-03-19,ES,2,0,11,0,0
2020-03-20,ES,2,0,13,0,0
2020-03-21,ES,13,0,26,0,0
2020-03-22,ES,0,0,26,0,0
2020-03-23,ES,3,0,29,0,0
2020-03-24,ES,4,0,33,0,0
2020-03-25,ES,6,0,39,0,0
2020-03-26,ES,0,0,39,0,0
2020-03-27,ES,8,0,47,0,0
2020-03-28,ES,6,0,53,0,0
2020-03-29,ES,7,0,60,0,0
2020-03-30,ES,12,0,72,0,0
2020-03-31,ES,12,0,84,0,0
2020-04-01,ES,12,0,96,0,0
2020-04-02,ES,24,1,120,1,0
2020-04-03,ES,19,3,139,4,0
2020-04-04,ES,14,1,153,5,0
2020-04-05,ES,13,1,166,6,0
2020-04-06,ES,28,0,194,6,0
2020-04-07,ES,15,0,209,6,0
2020-04-08,ES,18,0,227,6,0
2020-04-09,ES,46,0,273,6,41
2020-04-10,ES,27,1,300,7,41
2020-04-11,ES,49,2,349,9,41
2020-04-12,ES,34,0,383,9,41
2020-04-13,ES,47,5,430,14,86
2020-04-14,ES,33,3,463,17,86
2020-04-15,ES,94,1,557,18,86
2020-04-16,ES,197,4,754,22,86
2020-04-17,ES,102,3,856,25,86
2020-04-18,ES,96,3,952,28,86
2020-04-19,ES,147,2,1099,30,86
2020-04-20,ES,69,3,1168,33,236
2020-04-21,ES,44,1,1212,34,263
2020-04-22,ES,101,0,1313,34,342
2020-04-23,ES,50,8,1363,42,370
2020-04-24,ES,18,0,1381,42,400
2020-04-25,ES,214,5,1595,47,468
2020-04-26,ES,108,4,1703,51,481
2020-04-27,ES,93,6,1796,57,501
2020-04-28,ES,78,7,1874,64,591
2020-04-29,ES,233,12,2107,76,819
2020-04-30,ES,358,7,2465,83,849
2020-05-01,ES,197,13,2662,96,897
2020-05-02,ES,323,7,2985,103,979
2020-05-03,ES,138,12,3086,114,998
2020-05-04,ES,140,8,3226,122,1023
2020-05-05,ES,176,11,3402,133,1128
2020-01-30,GO,0,0,0,0,0
2020-01-31,GO,0,0,0,0,0
2020-02-01,GO,0,0,0,0,0
2020-02-02,GO,0,0,0,0,0
2020-02-03,GO,0,0,0,0,0
2020-02-04,GO,0,0,0,0,0
2020-02-05,GO,0,0,0,0,0
2020-02-06,GO,0,0,0,0,0
2020-02-07,GO,0,0,0,0,0
2020-02-08,GO,0,0,0,0,0
2020-02-09,GO,0,0,0,0,0
2020-02-10,GO,0,0,0,0,0
2020-02-11,GO,0,0,0,0,0
2020-02-12,GO,0,0,0,0,0
2020-02-13,GO,0,0,0,0,0
2020-02-14,GO,0,0,0,0,0
2020-02-15,GO,0,0,0,0,0
2020-02-16,GO,0,0,0,0,0
2020-02-17,GO,0,0,0,0,0
2020-02-18,GO,0,0,0,0,0
2020-02-19,GO,0,0,0,0,0
2020-02-20,GO,0,0,0,0,0
2020-02-21,GO,0,0,0,0,0
2020-02-22,GO,0,0,0,0,0
2020-02-23,GO,0,0,0,0,0
2020-02-24,GO,0,0,0,0,0
2020-02-25,GO,0,0,0,0,0
2020-02-26,GO,0,0,0,0,0
2020-02-27,GO,0,0,0,0,0
2020-02-28,GO,0,0,0,0,0
2020-02-29,GO,0,0,0,0,0
2020-03-01,GO,0,0,0,0,0
2020-03-02,GO,0,0,0,0,0
2020-03-03,GO,0,0,0,0,0
2020-03-04,GO,0,0,0,0,0
2020-03-05,GO,0,0,0,0,0
2020-03-06,GO,0,0,0,0,0
2020-03-07,GO,0,0,0,0,0
2020-03-08,GO,0,0,0,0,0
2020-03-09,GO,0,0,0,0,0
2020-03-10,GO,0,0,0,0,0
2020-03-11,GO,0,0,0,0,0
2020-03-12,GO,0,0,0,0,0
2020-03-13,GO,3,0,3,0,0
2020-03-14,GO,0,0,3,0,0
2020-03-15,GO,0,0,3,0,0
2020-03-16,GO,0,0,3,0,0
2020-03-17,GO,3,0,6,0,0
2020-03-18,GO,2,0,8,0,0
2020-03-19,GO,4,0,12,0,0
2020-03-20,GO,3,0,15,0,0
2020-03-21,GO,5,0,20,0,0
2020-03-22,GO,1,0,21,0,0
2020-03-23,GO,2,0,23,0,0
2020-03-24,GO,4,0,27,0,0
2020-03-25,GO,2,0,29,0,0
2020-03-26,GO,10,1,39,1,0
2020-03-27,GO,10,0,49,1,0
2020-03-28,GO,7,0,56,1,0
2020-03-29,GO,2,0,58,1,0
2020-03-30,GO,3,0,61,1,0
2020-03-31,GO,4,0,65,1,0
2020-04-01,GO,6,0,71,1,0
2020-04-02,GO,2,0,73,1,0
2020-04-03,GO,15,1,88,2,0
2020-04-04,GO,15,0,103,2,0
2020-04-05,GO,12,1,115,3,0
2020-04-06,GO,4,2,119,5,0
2020-04-07,GO,14,0,133,5,0
2020-04-08,GO,25,2,158,7,0
2020-04-09,GO,21,0,179,7,0
2020-04-10,GO,12,1,191,8,64
2020-04-11,GO,18,2,209,10,64
2020-04-12,GO,20,4,229,14,64
2020-04-13,GO,4,1,233,15,64
2020-04-14,GO,51,0,284,15,64
2020-04-15,GO,20,0,304,15,64
2020-04-16,GO,14,1,318,16,64
2020-04-17,GO,17,0,335,16,64
2020-04-18,GO,43,2,378,18,64
2020-04-19,GO,15,0,393,18,64
2020-04-20,GO,10,1,403,19,64
2020-04-21,GO,18,0,421,19,64
2020-04-22,GO,17,2,438,21,64
2020-04-23,GO,15,2,453,23,133
2020-04-24,GO,33,1,486,24,133
2020-04-25,GO,20,1,506,25,133
2020-04-26,GO,67,0,573,25,133
2020-04-27,GO,43,1,616,26,133
2020-04-28,GO,45,1,661,27,133
2020-04-29,GO,44,0,705,27,133
2020-04-30,GO,76,2,781,29,135
2020-05-01,GO,27,0,808,29,135
2020-05-02,GO,17,1,825,30,162
2020-05-03,GO,25,0,850,30,162
2020-05-04,GO,11,0,861,30,162
2020-05-05,GO,61,8,922,38,162
2020-01-30,MA,0,0,0,0,0
2020-01-31,MA,0,0,0,0,0
2020-02-01,MA,0,0,0,0,0
2020-02-02,MA,0,0,0,0,0
2020-02-03,MA,0,0,0,0,0
2020-02-04,MA,0,0,0,0,0
2020-02-05,MA,0,0,0,0,0
2020-02-06,MA,0,0,0,0,0
2020-02-07,MA,0,0,0,0,0
2020-02-08,MA,0,0,0,0,0
2020-02-09,MA,0,0,0,0,0
2020-02-10,MA,0,0,0,0,0
2020-02-11,MA,0,0,0,0,0
2020-02-12,MA,0,0,0,0,0
2020-02-13,MA,0,0,0,0,0
2020-02-14,MA,0,0,0,0,0
2020-02-15,MA,0,0,0,0,0
2020-02-16,MA,0,0,0,0,0
2020-02-17,MA,0,0,0,0,0
2020-02-18,MA,0,0,0,0,0
2020-02-19,MA,0,0,0,0,0
2020-02-20,MA,0,0,0,0,0
2020-02-21,MA,0,0,0,0,0
2020-02-22,MA,0,0,0,0,0
2020-02-23,MA,0,0,0,0,0
2020-02-24,MA,0,0,0,0,0
2020-02-25,MA,0,0,0,0,0
2020-02-26,MA,0,0,0,0,0
2020-02-27,MA,0,0,0,0,0
2020-02-28,MA,0,0,0,0,0
2020-02-29,MA,0,0,0,0,0
2020-03-01,MA,0,0,0,0,0
2020-03-02,MA,0,0,0,0,0
2020-03-03,MA,0,0,0,0,0
2020-03-04,MA,0,0,0,0,0
2020-03-05,MA,0,0,0,0,0
2020-03-06,MA,0,0,0,0,0
2020-03-07,MA,0,0,0,0,0
2020-03-08,MA,0,0,0,0,0
2020-03-09,MA,0,0,0,0,0
2020-03-10,MA,0,0,0,0,0
2020-03-11,MA,0,0,0,0,0
2020-03-12,MA,0,0,0,0,0
2020-03-13,MA,0,0,0,0,0
2020-03-14,MA,0,0,0,0,0
2020-03-15,MA,0,0,0,0,0
2020-03-16,MA,0,0,0,0,0
2020-03-17,MA,0,0,0,0,0
2020-03-18,MA,0,0,0,0,0
2020-03-19,MA,0,0,0,0,0
2020-03-20,MA,0,0,0,0,0
2020-03-21,MA,1,0,1,0,0
2020-03-22,MA,1,0,2,0,0
2020-03-23,MA,0,0,2,0,0
2020-03-24,MA,6,0,8,0,0
2020-03-25,MA,0,0,8,0,0
2020-03-26,MA,2,0,10,0,0
2020-03-27,MA,3,0,13,0,0
2020-03-28,MA,1,0,14,0,0
2020-03-29,MA,2,0,16,0,0
2020-03-30,MA,7,1,23,1,0
2020-03-31,MA,8,0,31,1,0
2020-04-01,MA,21,0,52,1,0
2020-04-02,MA,19,0,71,1,0
2020-04-03,MA,10,0,81,1,0
2020-04-04,MA,7,0,88,1,0
2020-04-05,MA,8,1,96,2,0
2020-04-06,MA,37,0,133,2,0
2020-04-07,MA,39,2,172,4,0
2020-04-08,MA,58,7,230,11,0
2020-04-09,MA,43,1,273,12,53
2020-04-10,MA,20,4,293,16,54
2020-04-11,MA,51,5,344,21,65
2020-04-12,MA,54,3,398,24,68
2020-04-13,MA,47,3,445,27,68
2020-04-14,MA,33,5,478,32,76
2020-04-15,MA,152,2,630,34,87
2020-04-16,MA,65,3,695,37,96
2020-04-17,MA,102,3,797,40,102
2020-04-18,MA,243,4,1040,44,109
2020-04-19,MA,165,4,1205,48,132
2020-04-20,MA,115,6,1320,54,142
2020-04-21,MA,76,6,1396,60,159
2020-04-22,MA,208,6,1604,66,171
2020-04-23,MA,153,10,1757,76,214
2020-04-24,MA,194,12,1951,88,250
2020-04-25,MA,154,12,2105,100,307
2020-04-26,MA,118,12,2223,112,463
2020-04-27,MA,187,13,2410,125,533
2020-04-28,MA,118,20,2528,145,600
2020-04-29,MA,276,21,2804,166,734
2020-04-30,MA,386,18,3190,184,784
2020-05-01,MA,316,20,3506,204,871
2020-05-02,MA,299,20,3805,224,927
2020-05-03,MA,235,13,4040,237,1005
2020-05-04,MA,187,12,4227,249,1115
2020-05-05,MA,303,22,4530,271,1115
2020-01-30,MG,0,0,0,0,0
2020-01-31,MG,0,0,0,0,0
2020-02-01,MG,0,0,0,0,0
2020-02-02,MG,0,0,0,0,0
2020-02-03,MG,0,0,0,0,0
2020-02-04,MG,0,0,0,0,0
2020-02-05,MG,0,0,0,0,0
2020-02-06,MG,0,0,0,0,0
2020-02-07,MG,0,0,0,0,0
2020-02-08,MG,0,0,0,0,0
2020-02-09,MG,0,0,0,0,0
2020-02-10,MG,0,0,0,0,0
2020-02-11,MG,0,0,0,0,0
2020-02-12,MG,0,0,0,0,0
2020-02-13,MG,0,0,0,0,0
2020-02-14,MG,0,0,0,0,0
2020-02-15,MG,0,0,0,0,0
2020-02-16,MG,0,0,0,0,0
2020-02-17,MG,0,0,0,0,0
2020-02-18,MG,0,0,0,0,0
2020-02-19,MG,0,0,0,0,0
2020-02-20,MG,0,0,0,0,0
2020-02-21,MG,0,0,0,0,0
2020-02-22,MG,0,0,0,0,0
2020-02-23,MG,0,0,0,0,0
2020-02-24,MG,0,0,0,0,0
2020-02-25,MG,0,0,0,0,0
2020-02-26,MG,0,0,0,0,0
2020-02-27,MG,0,0,0,0,0
2020-02-28,MG,0,0,0,0,0
2020-02-29,MG,0,0,0,0,0
2020-03-01,MG,0,0,0,0,0
2020-03-02,MG,0,0,0,0,0
2020-03-03,MG,0,0,0,0,0
2020-03-04,MG,0,0,0,0,0
2020-03-05,MG,0,0,0,0,0
2020-03-06,MG,0,0,0,0,0
2020-03-07,MG,0,0,0,0,0
2020-03-08,MG,1,0,1,0,0
2020-03-09,MG,0,0,1,0,0
2020-03-10,MG,0,0,1,0,0
2020-03-11,MG,0,0,1,0,0
2020-03-12,MG,0,0,1,0,0
2020-03-13,MG,1,0,2,0,0
2020-03-14,MG,0,0,2,0,0
2020-03-15,MG,0,0,2,0,0
2020-03-16,MG,3,0,5,0,0
2020-03-17,MG,2,0,7,0,0
2020-03-18,MG,8,0,15,0,0
2020-03-19,MG,14,0,29,0,0
2020-03-20,MG,6,0,35,0,0
2020-03-21,MG,3,0,38,0,0
2020-03-22,MG,45,0,83,0,0
2020-03-23,MG,45,0,128,0,0
2020-03-24,MG,2,0,130,0,0
2020-03-25,MG,3,0,133,0,0
2020-03-26,MG,20,0,153,0,0
2020-03-27,MG,36,0,189,0,0
2020-03-28,MG,16,0,205,0,0
2020-03-29,MG,26,0,231,0,0
2020-03-30,MG,30,1,261,1,0
2020-03-31,MG,14,1,275,2,0
2020-04-01,MG,39,1,314,3,0
2020-04-02,MG,56,1,370,4,0
2020-04-03,MG,27,2,397,6,0
2020-04-04,MG,33,0,430,6,0
2020-04-05,MG,68,0,498,6,0
2020-04-06,MG,27,3,525,9,0
2020-04-07,MG,34,2,559,11,0
2020-04-08,MG,55,3,614,14,0
2020-04-09,MG,41,1,655,15,5
2020-04-10,MG,43,2,698,17,5
2020-04-11,MG,52,0,750,17,5
2020-04-12,MG,56,3,806,20,5
2020-04-13,MG,9,3,815,23,5
2020-04-14,MG,69,4,884,27,5
2020-04-15,MG,19,3,903,30,5
2020-04-16,MG,55,3,958,33,5
2020-04-17,MG,63,2,1021,35,5
2020-04-18,MG,56,4,1077,39,5
2020-04-19,MG,77,0,1154,39,5
2020-04-20,MG,35,2,1189,41,5
2020-04-21,MG,41,3,1230,44,5
2020-04-22,MG,53,3,1283,47,5
2020-04-23,MG,25,4,1308,51,5
2020-04-24,MG,111,3,1419,54,5
2020-04-25,MG,62,4,1481,58,5
2020-04-26,MG,67,3,1548,61,5
2020-04-27,MG,38,1,1586,62,5
2020-04-28,MG,63,9,1649,71,5
2020-04-29,MG,109,9,1758,80,5
2020-04-30,MG,69,2,1827,82,5
2020-05-01,MG,108,6,1935,88,289
2020-05-02,MG,88,0,2023,88,325
2020-05-03,MG,95,1,2118,89,352
2020-05-04,MG,229,1,2347,90,352
2020-05-05,MG,105,4,2452,94,352
2020-01-30,MS,0,0,0,0,0
2020-01-31,MS,0,0,0,0,0
2020-02-01,MS,0,0,0,0,0
2020-02-02,MS,0,0,0,0,0
2020-02-03,MS,0,0,0,0,0
2020-02-04,MS,0,0,0,0,0
2020-02-05,MS,0,0,0,0,0
2020-02-06,MS,0,0,0,0,0
2020-02-07,MS,0,0,0,0,0
2020-02-08,MS,0,0,0,0,0
2020-02-09,MS,0,0,0,0,0
2020-02-10,MS,0,0,0,0,0
2020-02-11,MS,0,0,0,0,0
2020-02-12,MS,0,0,0,0,0
2020-02-13,MS,0,0,0,0,0
2020-02-14,MS,0,0,0,0,0
2020-02-15,MS,0,0,0,0,0
2020-02-16,MS,0,0,0,0,0
2020-02-17,MS,0,0,0,0,0
2020-02-18,MS,0,0,0,0,0
2020-02-19,MS,0,0,0,0,0
2020-02-20,MS,0,0,0,0,0
2020-02-21,MS,0,0,0,0,0
2020-02-22,MS,0,0,0,0,0
2020-02-23,MS,0,0,0,0,0
2020-02-24,MS,0,0,0,0,0
2020-02-25,MS,0,0,0,0,0
2020-02-26,MS,0,0,0,0,0
2020-02-27,MS,0,0,0,0,0
2020-02-28,MS,0,0,0,0,0
2020-02-29,MS,0,0,0,0,0
2020-03-01,MS,0,0,0,0,0
2020-03-02,MS,0,0,0,0,0
2020-03-03,MS,0,0,0,0,0
2020-03-04,MS,0,0,0,0,0
2020-03-05,MS,0,0,0,0,0
2020-03-06,MS,0,0,0,0,0
2020-03-07,MS,0,0,0,0,0
2020-03-08,MS,0,0,0,0,0
2020-03-09,MS,0,0,0,0,0
2020-03-10,MS,0,0,0,0,0
2020-03-11,MS,0,0,0,0,0
2020-03-12,MS,0,0,0,0,0
2020-03-13,MS,0,0,0,0,0
2020-03-14,MS,0,0,0,0,0
2020-03-15,MS,0,0,0,0,0
2020-03-16,MS,2,0,2,0,0
2020-03-17,MS,2,0,4,0,0
2020-03-18,MS,3,0,7,0,0
2020-03-19,MS,0,0,7,0,0
2020-03-20,MS,2,0,9,0,0
2020-03-21,MS,7,0,16,0,0
2020-03-22,MS,5,0,21,0,0
2020-03-23,MS,0,0,21,0,0
2020-03-24,MS,2,0,23,0,0
2020-03-25,MS,1,0,24,0,0
2020-03-26,MS,1,0,25,0,0
2020-03-27,MS,3,0,28,0,0
2020-03-28,MS,3,0,31,0,0
2020-03-29,MS,5,0,36,0,0
2020-03-30,MS,8,0,44,0,0
2020-03-31,MS,4,1,48,1,0
2020-04-01,MS,3,0,51,1,0
2020-04-02,MS,2,0,53,1,0
2020-04-03,MS,7,0,60,1,0
2020-04-04,MS,2,0,62,1,0
2020-04-05,MS,3,0,65,1,0
2020-04-06,MS,1,0,66,1,0
2020-04-07,MS,14,1,80,2,0
2020-04-08,MS,5,0,85,2,0
2020-04-09,MS,4,0,89,2,44
2020-04-10,MS,8,0,97,2,44
2020-04-11,MS,3,0,100,2,47
2020-04-12,MS,1,0,101,2,48
2020-04-13,MS,12,2,113,4,49
2020-04-14,MS,2,0,115,4,50
2020-04-15,MS,6,0,121,4,50
2020-04-16,MS,10,1,131,5,51
2020-04-17,MS,12,0,143,5,57
2020-04-18,MS,18,0,161,5,78
2020-04-19,MS,7,0,168,5,79
2020-04-20,MS,3,0,171,5,89
2020-04-21,MS,2,1,173,6,89
2020-04-22,MS,2,0,175,6,94
2020-04-23,MS,11,1,186,7,102
2020-04-24,MS,27,0,213,7,102
2020-04-25,MS,4,0,217,7,105
2020-04-26,MS,17,0,234,7,114
2020-04-27,MS,4,2,238,9,124
2020-04-28,MS,2,0,240,9,124
2020-04-29,MS,9,0,249,9,132
2020-04-30,MS,6,0,255,9,153
2020-05-01,MS,6,0,261,9,154
2020-05-02,MS,5,0,266,9,154
2020-05-03,MS,6,1,272,10,156
2020-05-04,MS,2,0,274,10,172
2020-05-05,MS,9,0,283,10,181
2020-01-30,MT,0,0,0,0,0
2020-01-31,MT,0,0,0,0,0
2020-02-01,MT,0,0,0,0,0
2020-02-02,MT,0,0,0,0,0
2020-02-03,MT,0,0,0,0,0
2020-02-04,MT,0,0,0,0,0
2020-02-05,MT,0,0,0,0,0
2020-02-06,MT,0,0,0,0,0
2020-02-07,MT,0,0,0,0,0
2020-02-08,MT,0,0,0,0,0
2020-02-09,MT,0,0,0,0,0
2020-02-10,MT,0,0,0,0,0
2020-02-11,MT,0,0,0,0,0
2020-02-12,MT,0,0,0,0,0
2020-02-13,MT,0,0,0,0,0
2020-02-14,MT,0,0,0,0,0
2020-02-15,MT,0,0,0,0,0
2020-02-16,MT,0,0,0,0,0
2020-02-17,MT,0,0,0,0,0
2020-02-18,MT,0,0,0,0,0
2020-02-19,MT,0,0,0,0,0
2020-02-20,MT,0,0,0,0,0
2020-02-21,MT,0,0,0,0,0
2020-02-22,MT,0,0,0,0,0
2020-02-23,MT,0,0,0,0,0
2020-02-24,MT,0,0,0,0,0
2020-02-25,MT,0,0,0,0,0
2020-02-26,MT,0,0,0,0,0
2020-02-27,MT,0,0,0,0,0
2020-02-28,MT,0,0,0,0,0
2020-02-29,MT,0,0,0,0,0
2020-03-01,MT,0,0,0,0,0
2020-03-02,MT,0,0,0,0,0
2020-03-03,MT,0,0,0,0,0
2020-03-04,MT,0,0,0,0,0
2020-03-05,MT,0,0,0,0,0
2020-03-06,MT,0,0,0,0,0
2020-03-07,MT,0,0,0,0,0
2020-03-08,MT,0,0,0,0,0
2020-03-09,MT,0,0,0,0,0
2020-03-10,MT,0,0,0,0,0
2020-03-11,MT,0,0,0,0,0
2020-03-12,MT,0,0,0,0,0
2020-03-13,MT,0,0,0,0,0
2020-03-14,MT,0,0,0,0,0
2020-03-15,MT,0,0,0,0,0
2020-03-16,MT,0,0,0,0,0
2020-03-17,MT,0,0,0,0,0
2020-03-18,MT,0,0,0,0,0
2020-03-19,MT,0,0,0,0,0
2020-03-20,MT,1,0,1,0,0
2020-03-21,MT,1,0,2,0,0
2020-03-22,MT,0,0,2,0,0
2020-03-23,MT,0,0,2,0,0
2020-03-24,MT,5,0,7,0,0
2020-03-25,MT,1,0,8,0,0
2020-03-26,MT,3,0,11,0,0
2020-03-27,MT,0,0,11,0,0
2020-03-28,MT,2,0,13,0,0
2020-03-29,MT,3,0,16,0,0
2020-03-30,MT,2,0,18,0,0
2020-03-31,MT,7,0,25,0,0
2020-04-01,MT,2,0,27,0,0
2020-04-02,MT,9,0,36,0,0
2020-04-03,MT,8,1,44,1,0
2020-04-04,MT,12,0,56,1,0
2020-04-05,MT,4,0,60,1,0
2020-04-06,MT,16,0,76,1,0
2020-04-07,MT,2,0,78,1,0
2020-04-08,MT,12,0,90,1,0
2020-04-09,MT,18,1,108,2,11
2020-04-10,MT,4,0,112,2,11
2020-04-11,MT,9,1,121,3,17
2020-04-12,MT,2,0,123,3,17
2020-04-13,MT,11,1,134,4,17
2020-04-14,MT,4,0,138,4,31
2020-04-15,MT,13,0,151,4,50
2020-04-16,MT,5,1,156,5,50
2020-04-17,MT,6,0,162,5,57
2020-04-18,MT,9,0,171,5,78
2020-04-19,MT,3,0,174,5,79
2020-04-20,MT,7,1,181,6,89
2020-04-21,MT,0,0,181,6,89
2020-04-22,MT,2,0,183,6,94
2020-04-23,MT,38,1,221,7,109
2020-04-24,MT,19,1,240,8,125
2020-04-25,MT,7,1,247,9,127
2020-04-26,MT,3,0,250,9,129
2020-04-27,MT,7,1,257,10,145
2020-04-28,MT,4,1,261,11,153
2020-04-29,MT,31,0,292,11,173
2020-04-30,MT,5,0,297,11,182
2020-05-01,MT,23,0,320,11,188
2020-05-02,MT,11,1,331,12,189
2020-05-03,MT,6,0,337,12,190
2020-05-04,MT,7,1,344,13,205
2020-05-05,MT,21,0,365,13,215
2020-01-30,PA,0,0,0,0,0
2020-01-31,PA,0,0,0,0,0
2020-02-01,PA,0,0,0,0,0
2020-02-02,PA,0,0,0,0,0
2020-02-03,PA,0,0,0,0,0
2020-02-04,PA,0,0,0,0,0
2020-02-05,PA,0,0,0,0,0
2020-02-06,PA,0,0,0,0,0
2020-02-07,PA,0,0,0,0,0
2020-02-08,PA,0,0,0,0,0
2020-02-09,PA,0,0,0,0,0
2020-02-10,PA,0,0,0,0,0
2020-02-11,PA,0,0,0,0,0
2020-02-12,PA,0,0,0,0,0
2020-02-13,PA,0,0,0,0,0
2020-02-14,PA,0,0,0,0,0
2020-02-15,PA,0,0,0,0,0
2020-02-16,PA,0,0,0,0,0
2020-02-17,PA,0,0,0,0,0
2020-02-18,PA,0,0,0,0,0
2020-02-19,PA,0,0,0,0,0
2020-02-20,PA,0,0,0,0,0
2020-02-21,PA,0,0,0,0,0
2020-02-22,PA,0,0,0,0,0
2020-02-23,PA,0,0,0,0,0
2020-02-24,PA,0,0,0,0,0
2020-02-25,PA,0,0,0,0,0
2020-02-26,PA,0,0,0,0,0
2020-02-27,PA,0,0,0,0,0
2020-02-28,PA,0,0,0,0,0
2020-02-29,PA,0,0,0,0,0
2020-03-01,PA,0,0,0,0,0
2020-03-02,PA,0,0,0,0,0
2020-03-03,PA,0,0,0,0,0
2020-03-04,PA,0,0,0,0,0
2020-03-05,PA,0,0,0,0,0
2020-03-06,PA,0,0,0,0,0
2020-03-07,PA,0,0,0,0,0
2020-03-08,PA,0,0,0,0,0
2020-03-09,PA,0,0,0,0,0
2020-03-10,PA,0,0,0,0,0
2020-03-11,PA,0,0,0,0,0
2020-03-12,PA,0,0,0,0,0
2020-03-13,PA,0,0,0,0,0
2020-03-14,PA,0,0,0,0,0
2020-03-15,PA,0,0,0,0,0
2020-03-16,PA,0,0,0,0,0
2020-03-17,PA,0,0,0,0,0
2020-03-18,PA,0,0,0,0,0
2020-03-19,PA,1,0,1,0,0
2020-03-20,PA,1,0,2,0,0
2020-03-21,PA,0,0,2,0,0
2020-03-22,PA,2,0,4,0,0
2020-03-23,PA,1,0,5,0,0
2020-03-24,PA,0,0,5,0,0
2020-03-25,PA,2,0,7,0,0
2020-03-26,PA,6,0,13,0,0
2020-03-27,PA,0,0,13,0,0
2020-03-28,PA,4,0,17,0,0
2020-03-29,PA,1,0,18,0,0
2020-03-30,PA,3,0,21,0,0
2020-03-31,PA,11,0,32,0,0
2020-04-01,PA,8,1,40,1,0
2020-04-02,PA,6,0,46,1,0
2020-04-03,PA,4,0,50,1,0
2020-04-04,PA,30,0,80,1,0
2020-04-05,PA,6,0,86,1,0
2020-04-06,PA,16,2,102,3,0
2020-04-07,PA,36,2,138,5,0
2020-04-08,PA,29,1,167,6,0
2020-04-09,PA,1,1,168,7,0
2020-04-10,PA,2,2,170,9,2
2020-04-11,PA,47,1,217,10,2
2020-04-12,PA,29,3,246,13,2
2020-04-13,PA,24,2,270,15,2
2020-04-14,PA,53,4,323,19,2
2020-04-15,PA,61,2,384,21,2
2020-04-16,PA,54,3,438,24,2
2020-04-17,PA,119,2,557,26,2
2020-04-18,PA,83,7,640,33,2
2020-04-19,PA,45,1,685,34,2
2020-04-20,PA,217,1,902,35,2
2020-04-21,PA,124,3,1026,38,429
2020-04-22,PA,169,5,1195,43,450
2020-04-23,PA,72,10,1267,53,525
2020-04-24,PA,179,22,1446,75,606
2020-04-25,PA,133,11,1579,86,736
2020-04-26,PA,288,14,1867,100,879
2020-04-27,PA,261,14,2128,114,1002
2020-04-28,PA,134,15,2262,129,1124
2020-04-29,PA,160,8,2422,137,1277
2020-04-30,PA,454,71,2876,208,1415
2020-05-01,PA,300,27,3176,235,1587
2020-05-02,PA,284,38,3460,273,1787
2020-05-03,PA,403,36,3863,309,2015
2020-05-04,PA,262,21,4125,330,2242
2020-05-05,PA,347,39,4472,369,2242
2020-01-30,PB,0,0,0,0,0
2020-01-31,PB,0,0,0,0,0
2020-02-01,PB,0,0,0,0,0
2020-02-02,PB,0,0,0,0,0
2020-02-03,PB,0,0,0,0,0
2020-02-04,PB,0,0,0,0,0
2020-02-05,PB,0,0,0,0,0
2020-02-06,PB,0,0,0,0,0
2020-02-07,PB,0,0,0,0,0
2020-02-08,PB,0,0,0,0,0
2020-02-09,PB,0,0,0,0,0
2020-02-10,PB,0,0,0,0,0
2020-02-11,PB,0,0,0,0,0
2020-02-12,PB,0,0,0,0,0
2020-02-13,PB,0,0,0,0,0
2020-02-14,PB,0,0,0,0,0
2020-02-15,PB,0,0,0,0,0
2020-02-16,PB,0,0,0,0,0
2020-02-17,PB,0,0,0,0,0
2020-02-18,PB,0,0,0,0,0
2020-02-19,PB,0,0,0,0,0
2020-02-20,PB,0,0,0,0,0
2020-02-21,PB,0,0,0,0,0
2020-02-22,PB,0,0,0,0,0
2020-02-23,PB,0,0,0,0,0
2020-02-24,PB,0,0,0,0,0
2020-02-25,PB,0,0,0,0,0
2020-02-26,PB,0,0,0,0,0
2020-02-27,PB,0,0,0,0,0
2020-02-28,PB,0,0,0,0,0
2020-02-29,PB,0,0,0,0,0
2020-03-01,PB,0,0,0,0,0
2020-03-02,PB,0,0,0,0,0
2020-03-03,PB,0,0,0,0,0
2020-03-04,PB,0,0,0,0,0
2020-03-05,PB,0,0,0,0,0
2020-03-06,PB,0,0,0,0,0
2020-03-07,PB,0,0,0,0,0
2020-03-08,PB,0,0,0,0,0
2020-03-09,PB,0,0,0,0,0
2020-03-10,PB,0,0,0,0,0
2020-03-11,PB,0,0,0,0,0
2020-03-12,PB,0,0,0,0,0
2020-03-13,PB,0,0,0,0,0
2020-03-14,PB,0,0,0,0,0
2020-03-15,PB,0,0,0,0,0
2020-03-16,PB,0,0,0,0,0
2020-03-17,PB,0,0,0,0,0
2020-03-18,PB,0,0,0,0,0
2020-03-19,PB,1,0,1,0,0
2020-03-20,PB,0,0,1,0,0
2020-03-21,PB,0,0,1,0,0
2020-03-22,PB,0,0,1,0,0
2020-03-23,PB,1,0,2,0,0
2020-03-24,PB,1,0,3,0,0
2020-03-25,PB,0,0,3,0,0
2020-03-26,PB,2,0,5,0,0
2020-03-27,PB,4,0,9,0,0
2020-03-28,PB,5,0,14,0,0
2020-03-29,PB,0,0,14,0,0
2020-03-30,PB,1,0,15,0,0
2020-03-31,PB,2,0,17,0,0
2020-04-01,PB,3,1,20,1,0
2020-04-02,PB,1,0,21,1,0
2020-04-03,PB,8,0,29,1,0
2020-04-04,PB,3,1,32,2,0
2020-04-05,PB,2,2,34,4,0
2020-04-06,PB,1,0,35,4,0
2020-04-07,PB,1,0,36,4,0
2020-04-08,PB,5,0,41,4,0
2020-04-09,PB,14,3,55,7,22
2020-04-10,PB,24,4,79,11,30
2020-04-11,PB,6,0,85,11,43
2020-04-12,PB,16,2,101,13,43
2020-04-13,PB,10,0,111,13,52
2020-04-14,PB,25,3,136,16,52
2020-04-15,PB,15,5,151,21,80
2020-04-16,PB,14,3,165,24,80
2020-04-17,PB,30,2,195,26,90
2020-04-18,PB,10,0,205,26,90
2020-04-19,PB,31,3,236,29,99
2020-04-20,PB,9,3,245,32,116
2020-04-21,PB,18,1,263,33,116
2020-04-22,PB,38,6,301,39,116
2020-04-23,PB,44,1,345,40,116
2020-04-24,PB,41,4,386,44,117
2020-04-25,PB,61,2,447,46,117
2020-04-26,PB,52,3,499,49,119
2020-04-27,PB,44,1,543,50,119
2020-04-28,PB,90,3,633,53,149
2020-04-29,PB,66,5,699,58,152
2020-04-30,PB,115,4,814,62,156
2020-05-01,PB,112,5,926,67,177
2020-05-02,PB,108,7,1034,74,177
2020-05-03,PB,135,2,1169,76,227
2020-05-04,PB,50,3,1219,79,227
2020-05-05,PB,142,6,1361,85,310
2020-01-30,PE,0,0,0,0,0
2020-01-31,PE,0,0,0,0,0
2020-02-01,PE,0,0,0,0,0
2020-02-02,PE,0,0,0,0,0
2020-02-03,PE,0,0,0,0,0
2020-02-04,PE,0,0,0,0,0
2020-02-05,PE,0,0,0,0,0
2020-02-06,PE,0,0,0,0,0
2020-02-07,PE,0,0,0,0,0
2020-02-08,PE,0,0,0,0,0
2020-02-09,PE,0,0,0,0,0
2020-02-10,PE,0,0,0,0,0
2020-02-11,PE,0,0,0,0,0
2020-02-12,PE,0,0,0,0,0
2020-02-13,PE,0,0,0,0,0
2020-02-14,PE,0,0,0,0,0
2020-02-15,PE,0,0,0,0,0
2020-02-16,PE,0,0,0,0,0
2020-02-17,PE,0,0,0,0,0
2020-02-18,PE,0,0,0,0,0
2020-02-19,PE,0,0,0,0,0
2020-02-20,PE,0,0,0,0,0
2020-02-21,PE,0,0,0,0,0
2020-02-22,PE,0,0,0,0,0
2020-02-23,PE,0,0,0,0,0
2020-02-24,PE,0,0,0,0,0
2020-02-25,PE,0,0,0,0,0
2020-02-26,PE,0,0,0,0,0
2020-02-27,PE,0,0,0,0,0
2020-02-28,PE,0,0,0,0,0
2020-02-29,PE,0,0,0,0,0
2020-03-01,PE,0,0,0,0,0
2020-03-02,PE,0,0,0,0,0
2020-03-03,PE,0,0,0,0,0
2020-03-04,PE,0,0,0,0,0
2020-03-05,PE,0,0,0,0,0
2020-03-06,PE,0,0,0,0,0
2020-03-07,PE,0,0,0,0,0
2020-03-08,PE,0,0,0,0,0
2020-03-09,PE,0,0,0,0,0
2020-03-10,PE,0,0,0,0,0
2020-03-11,PE,0,0,0,0,0
2020-03-12,PE,2,0,2,0,0
2020-03-13,PE,0,0,2,0,0
2020-03-14,PE,0,0,2,0,0
2020-03-15,PE,0,0,2,0,0
2020-03-16,PE,0,0,2,0,0
2020-03-17,PE,14,0,16,0,0
2020-03-18,PE,0,0,16,0,0
2020-03-19,PE,12,0,28,0,0
2020-03-20,PE,2,0,30,0,0
2020-03-21,PE,0,0,30,0,0
2020-03-22,PE,7,0,37,0,0
2020-03-23,PE,5,0,42,0,0
2020-03-24,PE,0,0,42,0,0
2020-03-25,PE,4,1,46,1,0
2020-03-26,PE,2,2,48,3,0
2020-03-27,PE,8,1,56,4,0
2020-03-28,PE,12,1,68,5,0
2020-03-29,PE,5,0,73,5,0
2020-03-30,PE,5,1,78,6,0
2020-03-31,PE,9,0,87,6,0
2020-04-01,PE,8,2,95,8,0
2020-04-02,PE,11,1,106,9,0
2020-04-03,PE,30,1,136,10,0
2020-04-04,PE,40,4,176,14,0
2020-04-05,PE,25,7,201,21,0
2020-04-06,PE,22,9,223,30,0
2020-04-07,PE,129,4,352,34,0
2020-04-08,PE,49,12,401,46,0
2020-04-09,PE,154,10,555,56,49
2020-04-10,PE,129,9,684,65,49
2020-04-11,PE,132,7,816,72,49
2020-04-12,PE,144,13,960,85,49
2020-04-13,PE,194,17,1154,102,57
2020-04-14,PE,130,13,1284,115,68
2020-04-15,PE,200,28,1484,143,68
2020-04-16,PE,199,17,1683,160,86
2020-04-17,PE,323,26,2006,186,88
2020-04-18,PE,187,19,2193,205,94
2020-04-19,PE,266,11,2459,216,96
2020-04-20,PE,231,18,2690,234,100
2020-04-21,PE,218,26,2908,260,100
2020-04-22,PE,390,22,3298,282,105
2020-04-23,PE,221,30,3519,312,123
2020-04-24,PE,480,40,3999,352,202
2020-04-25,PE,508,29,4507,381,220
2020-04-26,PE,391,34,4898,415,416
2020-04-27,PE,460,35,5358,450,704
2020-04-28,PE,366,58,5724,508,943
2020-04-29,PE,470,30,6194,538,953
2020-04-30,PE,682,27,6876,565,1074
2020-05-01,PE,458,38,7334,603,1095
2020-05-02,PE,811,25,8145,628,1193
2020-05-03,PE,498,24,8643,652,1207
2020-05-04,PE,220,39,8863,691,1235
2020-05-05,PE,462,58,9325,749,1312
2020-01-30,PI,0,0,0,0,0
2020-01-31,PI,0,0,0,0,0
2020-02-01,PI,0,0,0,0,0
2020-02-02,PI,0,0,0,0,0
2020-02-03,PI,0,0,0,0,0
2020-02-04,PI,0,0,0,0,0
2020-02-05,PI,0,0,0,0,0
2020-02-06,PI,0,0,0,0,0
2020-02-07,PI,0,0,0,0,0
2020-02-08,PI,0,0,0,0,0
2020-02-09,PI,0,0,0,0,0
2020-02-10,PI,0,0,0,0,0
2020-02-11,PI,0,0,0,0,0
2020-02-12,PI,0,0,0,0,0
2020-02-13,PI,0,0,0,0,0
2020-02-14,PI,0,0,0,0,0
2020-02-15,PI,0,0,0,0,0
2020-02-16,PI,0,0,0,0,0
2020-02-17,PI,0,0,0,0,0
2020-02-18,PI,0,0,0,0,0
2020-02-19,PI,0,0,0,0,0
2020-02-20,PI,0,0,0,0,0
2020-02-21,PI,0,0,0,0,0
2020-02-22,PI,0,0,0,0,0
2020-02-23,PI,0,0,0,0,0
2020-02-24,PI,0,0,0,0,0
2020-02-25,PI,0,0,0,0,0
2020-02-26,PI,0,0,0,0,0
2020-02-27,PI,0,0,0,0,0
2020-02-28,PI,0,0,0,0,0
2020-02-29,PI,0,0,0,0,0
2020-03-01,PI,0,0,0,0,0
2020-03-02,PI,0,0,0,0,0
2020-03-03,PI,0,0,0,0,0
2020-03-04,PI,0,0,0,0,0
2020-03-05,PI,0,0,0,0,0
2020-03-06,PI,0,0,0,0,0
2020-03-07,PI,0,0,0,0,0
2020-03-08,PI,0,0,0,0,0
2020-03-09,PI,0,0,0,0,0
2020-03-10,PI,0,0,0,0,0
2020-03-11,PI,0,0,0,0,0
2020-03-12,PI,0,0,0,0,0
2020-03-13,PI,0,0,0,0,0
2020-03-14,PI,0,0,0,0,0
2020-03-15,PI,0,0,0,0,0
2020-03-16,PI,0,0,0,0,0
2020-03-17,PI,0,0,0,0,0
2020-03-18,PI,0,0,0,0,0
2020-03-19,PI,0,0,0,0,0
2020-03-20,PI,3,0,3,0,0
2020-03-21,PI,1,0,4,0,0
2020-03-22,PI,0,0,4,0,0
2020-03-23,PI,2,0,6,0,0
2020-03-24,PI,0,0,6,0,0
2020-03-25,PI,2,0,8,0,0
2020-03-26,PI,1,0,9,0,0
2020-03-27,PI,0,0,9,0,0
2020-03-28,PI,2,1,11,1,0
2020-03-29,PI,3,0,14,1,0
2020-03-30,PI,2,2,16,3,0
2020-03-31,PI,2,1,18,4,0
2020-04-01,PI,0,0,18,4,0
2020-04-02,PI,1,0,19,4,0
2020-04-03,PI,2,0,21,4,0
2020-04-04,PI,1,0,22,4,0
2020-04-05,PI,1,0,23,4,0
2020-04-06,PI,0,0,23,4,0
2020-04-07,PI,5,0,28,4,0
2020-04-08,PI,3,1,31,5,0
2020-04-09,PI,7,1,38,6,1
2020-04-10,PI,2,1,40,7,1
2020-04-11,PI,1,0,41,7,1
2020-04-12,PI,3,0,44,7,1
2020-04-13,PI,6,1,50,8,1
2020-04-14,PI,8,0,58,8,1
2020-04-15,PI,17,0,75,8,1
2020-04-16,PI,16,0,91,8,48
2020-04-17,PI,11,0,102,8,63
2020-04-18,PI,21,1,123,9,70
2020-04-19,PI,22,1,145,10,75
2020-04-20,PI,13,2,158,12,78
2020-04-21,PI,28,2,186,14,80
2020-04-22,PI,20,1,206,15,84
2020-04-23,PI,11,0,217,15,84
2020-04-24,PI,39,1,256,16,104
2020-04-25,PI,41,1,297,17,110
2020-04-26,PI,34,1,331,18,114
2020-04-27,PI,33,2,364,20,121
2020-04-28,PI,44,1,408,21,129
2020-04-29,PI,46,3,454,24,141
2020-04-30,PI,59,0,513,24,143
2020-05-01,PI,87,0,600,24,143
2020-05-02,PI,65,2,665,26,143
2020-05-03,PI,77,2,742,28,170
2020-05-04,PI,42,0,784,28,170
2020-05-05,PI,91,1,875,29,170
2020-01-30,PR,0,0,0,0,0
2020-01-31,PR,0,0,0,0,0
2020-02-01,PR,0,0,0,0,0
2020-02-02,PR,0,0,0,0,0
2020-02-03,PR,0,0,0,0,0
2020-02-04,PR,0,0,0,0,0
2020-02-05,PR,0,0,0,0,0
2020-02-06,PR,0,0,0,0,0
2020-02-07,PR,0,0,0,0,0
2020-02-08,PR,0,0,0,0,0
2020-02-09,PR,0,0,0,0,0
2020-02-10,PR,0,0,0,0,0
2020-02-11,PR,0,0,0,0,0
2020-02-12,PR,0,0,0,0,0
2020-02-13,PR,0,0,0,0,0
2020-02-14,PR,0,0,0,0,0
2020-02-15,PR,0,0,0,0,0
2020-02-16,PR,0,0,0,0,0
2020-02-17,PR,0,0,0,0,0
2020-02-18,PR,0,0,0,0,0
2020-02-19,PR,0,0,0,0,0
2020-02-20,PR,0,0,0,0,0
2020-02-21,PR,0,0,0,0,0
2020-02-22,PR,0,0,0,0,0
2020-02-23,PR,0,0,0,0,0
2020-02-24,PR,0,0,0,0,0
2020-02-25,PR,0,0,0,0,0
2020-02-26,PR,0,0,0,0,0
2020-02-27,PR,0,0,0,0,0
2020-02-28,PR,0,0,0,0,0
2020-02-29,PR,0,0,0,0,0
2020-03-01,PR,0,0,0,0,0
2020-03-02,PR,0,0,0,0,0
2020-03-03,PR,0,0,0,0,0
2020-03-04,PR,0,0,0,0,0
2020-03-05,PR,0,0,0,0,0
2020-03-06,PR,0,0,0,0,0
2020-03-07,PR,0,0,0,0,0
2020-03-08,PR,0,0,0,0,0
2020-03-09,PR,0,0,0,0,0
2020-03-10,PR,0,0,0,0,0
2020-03-11,PR,0,0,0,0,0
2020-03-12,PR,6,0,6,0,0
2020-03-13,PR,0,0,6,0,0
2020-03-14,PR,0,0,6,0,0
2020-03-15,PR,0,0,6,0,0
2020-03-16,PR,0,0,6,0,0
2020-03-17,PR,0,0,6,0,0
2020-03-18,PR,7,0,13,0,0
2020-03-19,PR,10,0,23,0,0
2020-03-20,PR,9,0,32,0,0
2020-03-21,PR,11,0,43,0,0
2020-03-22,PR,7,0,50,0,0
2020-03-23,PR,6,0,56,0,0
2020-03-24,PR,9,0,65,0,0
2020-03-25,PR,16,0,81,0,0
2020-03-26,PR,21,0,102,0,0
2020-03-27,PR,17,2,119,2,0
2020-03-28,PR,14,0,133,2,0
2020-03-29,PR,15,0,148,2,0
2020-03-30,PR,7,1,155,3,0
2020-03-31,PR,24,0,179,3,0
2020-04-01,PR,45,0,224,3,0
2020-04-02,PR,28,1,252,4,0
2020-04-03,PR,49,0,301,4,0
2020-04-04,PR,94,2,395,6,0
2020-04-05,PR,43,3,438,9,0
2020-04-06,PR,20,2,458,11,0
2020-04-07,PR,45,4,503,15,0
2020-04-08,PR,36,2,539,17,0
2020-04-09,PR,70,5,609,22,114
2020-04-10,PR,34,3,643,25,114
2020-04-11,PR,33,1,676,26,114
2020-04-12,PR,62,4,738,30,114
2020-04-13,PR,18,1,756,31,130
2020-04-14,PR,35,5,791,36,134
2020-04-15,PR,12,2,803,38,147
2020-04-16,PR,29,3,832,41,156
2020-04-17,PR,42,1,874,42,171
2020-04-18,PR,71,4,945,46,171
2020-04-19,PR,42,2,987,48,295
2020-04-20,PR,20,3,1007,51,419
2020-04-21,PR,17,0,1024,51,439
2020-04-22,PR,39,6,1063,57,502
2020-04-23,PR,19,3,1082,60,564
2020-04-24,PR,37,4,1119,64,620
2020-04-25,PR,21,5,1140,69,661
2020-04-26,PR,16,3,1156,72,682
2020-04-27,PR,30,3,1186,75,753
2020-04-28,PR,85,2,1271,77,851
2020-04-29,PR,77,5,1348,82,879
2020-04-30,PR,59,1,1407,83,915
2020-05-01,PR,40,6,1447,89,974
2020-05-02,PR,45,1,1492,90,974
2020-05-03,PR,22,3,1514,93,987
2020-05-04,PR,48,1,1562,94,1030
2020-05-05,PR,26,5,1588,99,1030
2020-01-30,RJ,0,0,0,0,0
2020-01-31,RJ,0,0,0,0,0
2020-02-01,RJ,0,0,0,0,0
2020-02-02,RJ,0,0,0,0,0
2020-02-03,RJ,0,0,0,0,0
2020-02-04,RJ,0,0,0,0,0
2020-02-05,RJ,0,0,0,0,0
2020-02-06,RJ,0,0,0,0,0
2020-02-07,RJ,0,0,0,0,0
2020-02-08,RJ,0,0,0,0,0
2020-02-09,RJ,0,0,0,0,0
2020-02-10,RJ,0,0,0,0,0
2020-02-11,RJ,0,0,0,0,0
2020-02-12,RJ,0,0,0,0,0
2020-02-13,RJ,0,0,0,0,0
2020-02-14,RJ,0,0,0,0,0
2020-02-15,RJ,0,0,0,0,0
2020-02-16,RJ,0,0,0,0,0
2020-02-17,RJ,0,0,0,0,0
2020-02-18,RJ,0,0,0,0,0
2020-02-19,RJ,0,0,0,0,0
2020-02-20,RJ,0,0,0,0,0
2020-02-21,RJ,0,0,0,0,0
2020-02-22,RJ,0,0,0,0,0
2020-02-23,RJ,0,0,0,0,0
2020-02-24,RJ,0,0,0,0,0
2020-02-25,RJ,0,0,0,0,0
2020-02-26,RJ,0,0,0,0,0
2020-02-27,RJ,0,0,0,0,0
2020-02-28,RJ,0,0,0,0,0
2020-02-29,RJ,0,0,0,0,0
2020-03-01,RJ,0,0,0,0,0
2020-03-02,RJ,0,0,0,0,0
2020-03-03,RJ,0,0,0,0,0
2020-03-04,RJ,0,0,0,0,0
2020-03-05,RJ,1,0,1,0,0
2020-03-06,RJ,0,0,1,0,0
2020-03-07,RJ,1,0,2,0,0
2020-03-08,RJ,1,0,3,0,0
2020-03-09,RJ,0,0,3,0,0
2020-03-10,RJ,5,0,8,0,0
2020-03-11,RJ,5,0,13,0,0
2020-03-12,RJ,3,0,16,0,0
2020-03-13,RJ,0,0,16,0,0
2020-03-14,RJ,6,0,22,0,0
2020-03-15,RJ,2,0,24,0,0
2020-03-16,RJ,7,0,31,0,0
2020-03-17,RJ,2,0,33,0,0
2020-03-18,RJ,12,0,45,0,0
2020-03-19,RJ,20,2,65,2,0
2020-03-20,RJ,44,0,109,2,0
2020-03-21,RJ,10,1,119,3,0
2020-03-22,RJ,67,0,186,3,0
2020-03-23,RJ,47,1,233,4,0
2020-03-24,RJ,72,2,305,6,0
2020-03-25,RJ,65,0,370,6,0
2020-03-26,RJ,51,3,421,9,0
2020-03-27,RJ,72,1,493,10,0
2020-03-28,RJ,65,3,558,13,0
2020-03-29,RJ,42,4,600,17,0
2020-03-30,RJ,57,1,657,18,0
2020-03-31,RJ,51,5,708,23,0
2020-04-01,RJ,124,5,832,28,0
2020-04-02,RJ,160,13,992,41,0
2020-04-03,RJ,82,6,1074,47,0
2020-04-04,RJ,172,11,1246,58,0
2020-04-05,RJ,148,6,1394,64,0
2020-04-06,RJ,67,7,1461,71,0
2020-04-07,RJ,227,18,1688,89,0
2020-04-08,RJ,250,17,1938,106,0
2020-04-09,RJ,278,16,2216,122,0
2020-04-10,RJ,248,25,2464,147,190
2020-04-11,RJ,143,8,2607,155,190
2020-04-12,RJ,248,15,2855,170,190
2020-04-13,RJ,376,18,3231,188,190
2020-04-14,RJ,179,36,3410,224,190
2020-04-15,RJ,333,41,3743,265,190
2020-04-16,RJ,201,35,3944,300,190
2020-04-17,RJ,405,41,4349,341,190
2020-04-18,RJ,194,46,4543,387,190
2020-04-19,RJ,222,15,4765,402,190
2020-04-20,RJ,134,20,4899,422,190
2020-04-21,RJ,407,39,5306,461,1369
2020-04-22,RJ,246,29,5552,490,1369
2020-04-23,RJ,620,40,6172,530,1775
2020-04-24,RJ,110,40,6282,570,1775
2020-04-25,RJ,546,45,6828,615,1775
2020-04-26,RJ,283,30,7111,645,3371
2020-04-27,RJ,833,32,7944,677,3650
2020-04-28,RJ,560,61,8504,738,4002
2020-04-29,RJ,365,56,8869,794,4567
2020-04-30,RJ,584,60,9453,854,5032
2020-05-01,RJ,713,67,10166,921,5711
2020-05-02,RJ,380,50,10546,971,6115
2020-05-03,RJ,593,48,11139,1019,6284
2020-05-04,RJ,582,46,11721,1065,6284
2020-05-05,RJ,670,58,12391,1123,6284
2020-01-30,RN,0,0,0,0,0
2020-01-31,RN,0,0,0,0,0
2020-02-01,RN,0,0,0,0,0
2020-02-02,RN,0,0,0,0,0
2020-02-03,RN,0,0,0,0,0
2020-02-04,RN,0,0,0,0,0
2020-02-05,RN,0,0,0,0,0
2020-02-06,RN,0,0,0,0,0
2020-02-07,RN,0,0,0,0,0
2020-02-08,RN,0,0,0,0,0
2020-02-09,RN,0,0,0,0,0
2020-02-10,RN,0,0,0,0,0
2020-02-11,RN,0,0,0,0,0
2020-02-12,RN,0,0,0,0,0
2020-02-13,RN,0,0,0,0,0
2020-02-14,RN,0,0,0,0,0
2020-02-15,RN,0,0,0,0,0
2020-02-16,RN,0,0,0,0,0
2020-02-17,RN,0,0,0,0,0
2020-02-18,RN,0,0,0,0,0
2020-02-19,RN,0,0,0,0,0
2020-02-20,RN,0,0,0,0,0
2020-02-21,RN,0,0,0,0,0
2020-02-22,RN,0,0,0,0,0
2020-02-23,RN,0,0,0,0,0
2020-02-24,RN,0,0,0,0,0
2020-02-25,RN,0,0,0,0,0
2020-02-26,RN,0,0,0,0,0
2020-02-27,RN,0,0,0,0,0
2020-02-28,RN,0,0,0,0,0
2020-02-29,RN,0,0,0,0,0
2020-03-01,RN,0,0,0,0,0
2020-03-02,RN,0,0,0,0,0
2020-03-03,RN,0,0,0,0,0
2020-03-04,RN,0,0,0,0,0
2020-03-05,RN,0,0,0,0,0
2020-03-06,RN,0,0,0,0,0
2020-03-07,RN,0,0,0,0,0
2020-03-08,RN,0,0,0,0,0
2020-03-09,RN,0,0,0,0,0
2020-03-10,RN,0,0,0,0,0
2020-03-11,RN,0,0,0,0,0
2020-03-12,RN,0,0,0,0,0
2020-03-13,RN,1,0,1,0,0
2020-03-14,RN,0,0,1,0,0
2020-03-15,RN,0,0,1,0,0
2020-03-16,RN,0,0,1,0,0
2020-03-17,RN,0,0,1,0,0
2020-03-18,RN,0,0,1,0,0
2020-03-19,RN,0,0,1,0,0
2020-03-20,RN,0,0,1,0,0
2020-03-21,RN,5,0,6,0,0
2020-03-22,RN,3,0,9,0,0
2020-03-23,RN,4,0,13,0,0
2020-03-24,RN,0,0,13,0,0
2020-03-25,RN,1,0,14,0,0
2020-03-26,RN,5,0,19,0,0
2020-03-27,RN,9,0,28,0,0
2020-03-28,RN,17,0,45,0,0
2020-03-29,RN,23,1,68,1,0
2020-03-30,RN,9,0,77,1,0
2020-03-31,RN,5,0,82,1,0
2020-04-01,RN,10,1,92,2,0
2020-04-02,RN,13,0,105,2,0
2020-04-03,RN,71,2,176,4,0
2020-04-04,RN,36,1,212,5,0
2020-04-05,RN,30,2,242,7,0
2020-04-06,RN,4,0,246,7,0
2020-04-07,RN,8,1,254,8,0
2020-04-08,RN,7,3,261,11,0
2020-04-09,RN,0,0,261,11,32
2020-04-10,RN,2,0,263,11,32
2020-04-11,RN,26,2,289,13,32
2020-04-12,RN,13,2,302,15,32
2020-04-13,RN,37,2,339,17,32
2020-04-14,RN,37,1,376,18,32
2020-04-15,RN,23,1,399,19,32
2020-04-16,RN,1,1,400,20,32
2020-04-17,RN,63,3,463,23,124
2020-04-18,RN,53,1,516,24,124
2020-04-19,RN,15,1,531,25,124
2020-04-20,RN,64,2,595,27,161
2020-04-21,RN,13,1,608,28,161
2020-04-22,RN,38,1,646,29,289
2020-04-23,RN,62,5,708,34,289
2020-04-24,RN,46,4,754,38,289
2020-04-25,RN,27,2,781,40,289
2020-04-26,RN,44,4,825,44,289
2020-04-27,RN,7,1,832,45,289
2020-04-28,RN,25,3,857,48,352
2020-04-29,RN,229,5,1086,53,352
2020-04-30,RN,91,3,1177,56,381
2020-05-01,RN,120,0,1297,56,413
2020-05-02,RN,69,3,1366,59,415
2020-05-03,RN,69,2,1392,61,415
2020-05-04,RN,29,1,1421,62,415
2020-05-05,RN,115,6,1536,68,478
2020-01-30,RR,0,0,0,0,0
2020-01-31,RR,0,0,0,0,0
2020-02-01,RR,0,0,0,0,0
2020-02-02,RR,0,0,0,0,0
2020-02-03,RR,0,0,0,0,0
2020-02-04,RR,0,0,0,0,0
2020-02-05,RR,0,0,0,0,0
2020-02-06,RR,0,0,0,0,0
2020-02-07,RR,0,0,0,0,0
2020-02-08,RR,0,0,0,0,0
2020-02-09,RR,0,0,0,0,0
2020-02-10,RR,0,0,0,0,0
2020-02-11,RR,0,0,0,0,0
2020-02-12,RR,0,0,0,0,0
2020-02-13,RR,0,0,0,0,0
2020-02-14,RR,0,0,0,0,0
2020-02-15,RR,0,0,0,0,0
2020-02-16,RR,0,0,0,0,0
2020-02-17,RR,0,0,0,0,0
2020-02-18,RR,0,0,0,0,0
2020-02-19,RR,0,0,0,0,0
2020-02-20,RR,0,0,0,0,0
2020-02-21,RR,0,0,0,0,0
2020-02-22,RR,0,0,0,0,0
2020-02-23,RR,0,0,0,0,0
2020-02-24,RR,0,0,0,0,0
2020-02-25,RR,0,0,0,0,0
2020-02-26,RR,0,0,0,0,0
2020-02-27,RR,0,0,0,0,0
2020-02-28,RR,0,0,0,0,0
2020-02-29,RR,0,0,0,0,0
2020-03-01,RR,0,0,0,0,0
2020-03-02,RR,0,0,0,0,0
2020-03-03,RR,0,0,0,0,0
2020-03-04,RR,0,0,0,0,0
2020-03-05,RR,0,0,0,0,0
2020-03-06,RR,0,0,0,0,0
2020-03-07,RR,0,0,0,0,0
2020-03-08,RR,0,0,0,0,0
2020-03-09,RR,0,0,0,0,0
2020-03-10,RR,0,0,0,0,0
2020-03-11,RR,0,0,0,0,0
2020-03-12,RR,0,0,0,0,0
2020-03-13,RR,0,0,0,0,0
2020-03-14,RR,0,0,0,0,0
2020-03-15,RR,0,0,0,0,0
2020-03-16,RR,0,0,0,0,0
2020-03-17,RR,0,0,0,0,0
2020-03-18,RR,0,0,0,0,0
2020-03-19,RR,0,0,0,0,0
2020-03-20,RR,0,0,0,0,0
2020-03-21,RR,0,0,0,0,0
2020-03-22,RR,2,0,2,0,0
2020-03-23,RR,0,0,2,0,0
2020-03-24,RR,0,0,2,0,0
2020-03-25,RR,6,0,8,0,0
2020-03-26,RR,0,0,8,0,0
2020-03-27,RR,2,0,10,0,0
2020-03-28,RR,2,0,12,0,0
2020-03-29,RR,4,0,16,0,0
2020-03-30,RR,0,0,16,0,0
2020-03-31,RR,0,0,16,0,0
2020-04-01,RR,6,0,22,0,0
2020-04-02,RR,4,0,26,0,0
2020-04-03,RR,4,0,30,0,0
2020-04-04,RR,7,1,37,1,0
2020-04-05,RR,5,0,42,1,0
2020-04-06,RR,0,0,42,1,0
2020-04-07,RR,0,0,42,1,0
2020-04-08,RR,7,0,49,1,0
2020-04-09,RR,3,0,52,1,2
2020-04-10,RR,11,2,63,3,2
2020-04-11,RR,12,0,75,3,10
2020-04-12,RR,4,0,79,3,10
2020-04-13,RR,4,0,83,3,19
2020-04-14,RR,30,0,113,3,19
2020-04-15,RR,1,0,114,3,19
2020-04-16,RR,28,0,142,3,20
2020-04-17,RR,22,0,164,3,20
2020-04-18,RR,37,0,201,3,39
2020-04-19,RR,21,0,222,3,39
2020-04-20,RR,22,0,244,3,39
2020-04-21,RR,3,0,247,3,39
2020-04-22,RR,33,0,280,3,39
2020-04-23,RR,17,0,297,3,39
2020-04-24,RR,7,0,304,3,39
2020-04-25,RR,41,0,345,3,39
2020-04-26,RR,56,1,401,4,110
2020-04-27,RR,6,0,407,4,110
2020-04-28,RR,18,2,425,6,110
2020-04-29,RR,27,0,452,6,110
2020-04-30,RR,67,1,519,7,111
2020-05-01,RR,83,1,602,8,111
2020-05-02,RR,66,1,668,9,111
2020-05-03,RR,72,2,740,11,141
2020-05-04,RR,66,0,806,11,141
2020-05-05,RR,63,0,869,11,141
2020-01-30,RS,0,0,0,0,0
2020-01-31,RS,0,0,0,0,0
2020-02-01,RS,0,0,0,0,0
2020-02-02,RS,0,0,0,0,0
2020-02-03,RS,0,0,0,0,0
2020-02-04,RS,0,0,0,0,0
2020-02-05,RS,0,0,0,0,0
2020-02-06,RS,0,0,0,0,0
2020-02-07,RS,0,0,0,0,0
2020-02-08,RS,0,0,0,0,0
2020-02-09,RS,0,0,0,0,0
2020-02-10,RS,0,0,0,0,0
2020-02-11,RS,0,0,0,0,0
2020-02-12,RS,0,0,0,0,0
2020-02-13,RS,0,0,0,0,0
2020-02-14,RS,0,0,0,0,0
2020-02-15,RS,0,0,0,0,0
2020-02-16,RS,0,0,0,0,0
2020-02-17,RS,0,0,0,0,0
2020-02-18,RS,0,0,0,0,0
2020-02-19,RS,0,0,0,0,0
2020-02-20,RS,0,0,0,0,0
2020-02-21,RS,0,0,0,0,0
2020-02-22,RS,0,0,0,0,0
2020-02-23,RS,0,0,0,0,0
2020-02-24,RS,0,0,0,0,0
2020-02-25,RS,0,0,0,0,0
2020-02-26,RS,0,0,0,0,0
2020-02-27,RS,0,0,0,0,0
2020-02-28,RS,0,0,0,0,0
2020-02-29,RS,0,0,0,0,0
2020-03-01,RS,0,0,0,0,0
2020-03-02,RS,0,0,0,0,0
2020-03-03,RS,0,0,0,0,0
2020-03-04,RS,0,0,0,0,0
2020-03-05,RS,0,0,0,0,0
2020-03-06,RS,0,0,0,0,0
2020-03-07,RS,0,0,0,0,0
2020-03-08,RS,0,0,0,0,0
2020-03-09,RS,0,0,0,0,0
2020-03-10,RS,1,0,1,0,0
2020-03-11,RS,1,0,2,0,0
2020-03-12,RS,2,0,4,0,0
2020-03-13,RS,0,0,4,0,0
2020-03-14,RS,2,0,6,0,0
2020-03-15,RS,0,0,6,0,0
2020-03-16,RS,0,0,6,0,0
2020-03-17,RS,4,0,10,0,0
2020-03-18,RS,9,0,19,0,0
2020-03-19,RS,9,0,28,0,0
2020-03-20,RS,9,0,37,0,0
2020-03-21,RS,23,0,60,0,0
2020-03-22,RS,12,0,72,0,0
2020-03-23,RS,14,0,86,0,0
2020-03-24,RS,12,0,98,0,0
2020-03-25,RS,25,1,123,1,0
2020-03-26,RS,45,0,168,1,0
2020-03-27,RS,27,1,195,2,0
2020-03-28,RS,2,0,197,2,0
2020-03-29,RS,29,0,226,2,0
2020-03-30,RS,15,1,241,3,0
2020-03-31,RS,33,1,274,4,0
2020-04-01,RS,32,0,306,4,0
2020-04-02,RS,28,1,334,5,0
2020-04-03,RS,62,0,396,5,0
2020-04-04,RS,14,1,410,6,0
2020-04-05,RS,8,1,418,7,0
2020-04-06,RS,63,0,481,7,0
2020-04-07,RS,27,1,508,8,0
2020-04-08,RS,47,1,555,9,0
2020-04-09,RS,63,3,618,12,0
2020-04-10,RS,18,2,636,14,105
2020-04-11,RS,4,1,640,15,105
2020-04-12,RS,13,1,653,16,105
2020-04-13,RS,11,0,664,16,117
2020-04-14,RS,36,2,700,18,117
2020-04-15,RS,47,1,747,19,117
2020-04-16,RS,33,0,780,19,117
2020-04-17,RS,22,3,802,22,117
2020-04-18,RS,29,2,831,24,117
2020-04-19,RS,23,0,854,24,117
2020-04-20,RS,35,3,889,27,117
2020-04-21,RS,15,0,904,27,117
2020-04-22,RS,19,0,923,27,117
2020-04-23,RS,71,2,994,29,678
2020-04-24,RS,67,2,1061,31,693
2020-04-25,RS,35,3,1096,34,704
2020-04-26,RS,70,1,1166,35,715
2020-04-27,RS,62,7,1228,42,730
2020-04-28,RS,58,3,1286,45,784
2020-04-29,RS,82,5,1368,50,825
2020-04-30,RS,98,1,1466,51,855
2020-05-01,RS,63,7,1529,58,882
2020-05-02,RS,90,4,1619,62,949
2020-05-03,RS,47,3,1666,65,949
2020-05-04,RS,45,9,1711,74,969
2020-05-05,RS,104,5,1815,79,1049
2020-01-30,SC,0,0,0,0,0
2020-01-31,SC,0,0,0,0,0
2020-02-01,SC,0,0,0,0,0
2020-02-02,SC,0,0,0,0,0
2020-02-03,SC,0,0,0,0,0
2020-02-04,SC,0,0,0,0,0
2020-02-05,SC,0,0,0,0,0
2020-02-06,SC,0,0,0,0,0
2020-02-07,SC,0,0,0,0,0
2020-02-08,SC,0,0,0,0,0
2020-02-09,SC,0,0,0,0,0
2020-02-10,SC,0,0,0,0,0
2020-02-11,SC,0,0,0,0,0
2020-02-12,SC,0,0,0,0,0
2020-02-13,SC,0,0,0,0,0
2020-02-14,SC,0,0,0,0,0
2020-02-15,SC,0,0,0,0,0
2020-02-16,SC,0,0,0,0,0
2020-02-17,SC,0,0,0,0,0
2020-02-18,SC,0,0,0,0,0
2020-02-19,SC,0,0,0,0,0
2020-02-20,SC,0,0,0,0,0
2020-02-21,SC,0,0,0,0,0
2020-02-22,SC,0,0,0,0,0
2020-02-23,SC,0,0,0,0,0
2020-02-24,SC,0,0,0,0,0
2020-02-25,SC,0,0,0,0,0
2020-02-26,SC,0,0,0,0,0
2020-02-27,SC,0,0,0,0,0
2020-02-28,SC,0,0,0,0,0
2020-02-29,SC,0,0,0,0,0
2020-03-01,SC,0,0,0,0,0
2020-03-02,SC,0,0,0,0,0
2020-03-03,SC,0,0,0,0,0
2020-03-04,SC,0,0,0,0,0
2020-03-05,SC,0,0,0,0,0
2020-03-06,SC,0,0,0,0,0
2020-03-07,SC,0,0,0,0,0
2020-03-08,SC,0,0,0,0,0
2020-03-09,SC,0,0,0,0,0
2020-03-10,SC,0,0,0,0,0
2020-03-11,SC,0,0,0,0,0
2020-03-12,SC,0,0,0,0,0
2020-03-13,SC,2,0,2,0,0
2020-03-14,SC,2,0,4,0,0
2020-03-15,SC,2,0,6,0,0
2020-03-16,SC,1,0,7,0,0
2020-03-17,SC,0,0,7,0,0
2020-03-18,SC,3,0,10,0,0
2020-03-19,SC,10,0,20,0,0
2020-03-20,SC,1,0,21,0,0
2020-03-21,SC,30,0,51,0,0
2020-03-22,SC,6,0,57,0,0
2020-03-23,SC,11,0,68,0,0
2020-03-24,SC,39,0,107,0,0
2020-03-25,SC,2,0,109,0,0
2020-03-26,SC,13,1,122,1,0
2020-03-27,SC,27,0,149,1,0
2020-03-28,SC,35,0,184,1,0
2020-03-29,SC,10,0,194,1,0
2020-03-30,SC,3,0,197,1,0
2020-03-31,SC,22,1,219,2,0
2020-04-01,SC,16,0,235,2,0
2020-04-02,SC,12,0,247,2,0
2020-04-03,SC,34,3,281,5,0
2020-04-04,SC,53,0,334,5,0
2020-04-05,SC,23,5,357,10,0
2020-04-06,SC,22,0,379,10,0
2020-04-07,SC,38,1,417,11,0
2020-04-08,SC,40,4,457,15,0
2020-04-09,SC,44,2,501,17,0
2020-04-10,SC,192,1,693,18,17
2020-04-11,SC,39,3,732,21,17
2020-04-12,SC,36,3,768,24,17
2020-04-13,SC,9,0,777,24,17
2020-04-14,SC,49,2,826,26,31
2020-04-15,SC,27,2,853,28,31
2020-04-16,SC,31,1,884,29,31
2020-04-17,SC,42,1,926,30,31
2020-04-18,SC,36,1,962,31,31
2020-04-19,SC,13,1,975,32,31
2020-04-20,SC,50,3,1025,35,31
2020-04-21,SC,38,0,1063,35,40
2020-04-22,SC,28,2,1091,37,40
2020-04-23,SC,24,2,1115,39,40
2020-04-24,SC,55,3,1170,42,40
2020-04-25,SC,39,0,1209,42,40
2020-04-26,SC,26,0,1235,42,628
2020-04-27,SC,102,1,1337,43,628
2020-04-28,SC,139,1,1476,44,628
2020-04-29,SC,519,0,1995,44,628
2020-04-30,SC,90,2,2085,46,643
2020-05-01,SC,309,2,2394,48,643
2020-05-02,SC,-48,4,2346,52,643
2020-05-03,SC,242,0,2346,52,643
2020-05-04,SC,173,0,2519,52,643
2020-05-05,SC,104,3,2623,55,643
2020-01-30,SE,0,0,0,0,0
2020-01-31,SE,0,0,0,0,0
2020-02-01,SE,0,0,0,0,0
2020-02-02,SE,0,0,0,0,0
2020-02-03,SE,0,0,0,0,0
2020-02-04,SE,0,0,0,0,0
2020-02-05,SE,0,0,0,0,0
2020-02-06,SE,0,0,0,0,0
2020-02-07,SE,0,0,0,0,0
2020-02-08,SE,0,0,0,0,0
2020-02-09,SE,0,0,0,0,0
2020-02-10,SE,0,0,0,0,0
2020-02-11,SE,0,0,0,0,0
2020-02-12,SE,0,0,0,0,0
2020-02-13,SE,0,0,0,0,0
2020-02-14,SE,0,0,0,0,0
2020-02-15,SE,0,0,0,0,0
2020-02-16,SE,0,0,0,0,0
2020-02-17,SE,0,0,0,0,0
2020-02-18,SE,0,0,0,0,0
2020-02-19,SE,0,0,0,0,0
2020-02-20,SE,0,0,0,0,0
2020-02-21,SE,0,0,0,0,0
2020-02-22,SE,0,0,0,0,0
2020-02-23,SE,0,0,0,0,0
2020-02-24,SE,0,0,0,0,0
2020-02-25,SE,0,0,0,0,0
2020-02-26,SE,0,0,0,0,0
2020-02-27,SE,0,0,0,0,0
2020-02-28,SE,0,0,0,0,0
2020-02-29,SE,0,0,0,0,0
2020-03-01,SE,0,0,0,0,0
2020-03-02,SE,0,0,0,0,0
2020-03-03,SE,0,0,0,0,0
2020-03-04,SE,0,0,0,0,0
2020-03-05,SE,0,0,0,0,0
2020-03-06,SE,0,0,0,0,0
2020-03-07,SE,0,0,0,0,0
2020-03-08,SE,0,0,0,0,0
2020-03-09,SE,0,0,0,0,0
2020-03-10,SE,0,0,0,0,0
2020-03-11,SE,0,0,0,0,0
2020-03-12,SE,0,0,0,0,0
2020-03-13,SE,0,0,0,0,0
2020-03-14,SE,0,0,0,0,0
2020-03-15,SE,1,0,1,0,0
2020-03-16,SE,0,0,1,0,0
2020-03-17,SE,3,0,4,0,0
2020-03-18,SE,1,0,5,0,0
2020-03-19,SE,1,0,6,0,0
2020-03-20,SE,0,0,6,0,0
2020-03-21,SE,4,0,10,0,0
2020-03-22,SE,0,0,10,0,0
2020-03-23,SE,0,0,10,0,0
2020-03-24,SE,5,0,15,0,0
2020-03-25,SE,1,0,16,0,0
2020-03-26,SE,0,0,16,0,0
2020-03-27,SE,0,0,16,0,0
2020-03-28,SE,0,0,16,0,0
2020-03-29,SE,0,0,16,0,0
2020-03-30,SE,0,0,16,0,0
2020-03-31,SE,3,0,19,0,0
2020-04-01,SE,1,0,20,0,0
2020-04-02,SE,3,2,23,2,0
2020-04-03,SE,2,0,25,2,0
2020-04-04,SE,2,0,27,2,0
2020-04-05,SE,5,1,32,3,0
2020-04-06,SE,0,1,32,4,0
2020-04-07,SE,4,0,36,4,0
2020-04-08,SE,0,0,36,4,0
2020-04-09,SE,3,0,39,4,17
2020-04-10,SE,3,0,42,4,18
2020-04-11,SE,0,0,42,4,20
2020-04-12,SE,2,0,44,4,20
2020-04-13,SE,0,0,44,4,26
2020-04-14,SE,1,0,45,4,26
2020-04-15,SE,1,0,46,4,27
2020-04-16,SE,2,0,48,4,28
2020-04-17,SE,5,0,53,4,31
2020-04-18,SE,18,1,71,5,33
2020-04-19,SE,12,0,83,5,37
2020-04-20,SE,3,0,86,5,37
2020-04-21,SE,6,0,92,5,37
2020-04-22,SE,25,2,117,7,37
2020-04-23,SE,7,1,124,8,38
2020-04-24,SE,20,0,144,8,38
2020-04-25,SE,9,1,153,9,40
2020-04-26,SE,6,0,159,9,43
2020-04-27,SE,38,1,197,10,45
2020-04-28,SE,83,1,280,11,45
2020-04-29,SE,57,1,337,12,45
2020-04-30,SE,110,0,447,12,47
2020-05-01,SE,70,2,517,14,48
2020-05-02,SE,84,0,601,14,54
2020-05-03,SE,84,0,730,14,54
2020-05-04,SE,129,3,772,17,54
2020-05-05,SE,126,4,898,21,79
2020-01-30,SP,0,0,0,0,0
2020-01-31,SP,0,0,0,0,0
2020-02-01,SP,0,0,0,0,0
2020-02-02,SP,0,0,0,0,0
2020-02-03,SP,0,0,0,0,0
2020-02-04,SP,0,0,0,0,0
2020-02-05,SP,0,0,0,0,0
2020-02-06,SP,0,0,0,0,0
2020-02-07,SP,0,0,0,0,0
2020-02-08,SP,0,0,0,0,0
2020-02-09,SP,0,0,0,0,0
2020-02-10,SP,0,0,0,0,0
2020-02-11,SP,0,0,0,0,0
2020-02-12,SP,0,0,0,0,0
2020-02-13,SP,0,0,0,0,0
2020-02-14,SP,0,0,0,0,0
2020-02-15,SP,0,0,0,0,0
2020-02-16,SP,0,0,0,0,0
2020-02-17,SP,0,0,0,0,0
2020-02-18,SP,0,0,0,0,0
2020-02-19,SP,0,0,0,0,0
2020-02-20,SP,0,0,0,0,0
2020-02-21,SP,0,0,0,0,0
2020-02-22,SP,0,0,0,0,0
2020-02-23,SP,0,0,0,0,0
2020-02-24,SP,0,0,0,0,0
2020-02-25,SP,0,0,0,0,0
2020-02-26,SP,1,0,1,0,0
2020-02-27,SP,0,0,1,0,0
2020-02-28,SP,0,0,1,0,0
2020-02-29,SP,1,0,2,0,0
2020-03-01,SP,0,0,2,0,0
2020-03-02,SP,0,0,2,0,0
2020-03-03,SP,0,0,2,0,0
2020-03-04,SP,1,0,3,0,0
2020-03-05,SP,3,0,6,0,0
2020-03-06,SP,4,0,10,0,0
2020-03-07,SP,3,0,13,0,0
2020-03-08,SP,3,0,16,0,0
2020-03-09,SP,0,0,16,0,0
2020-03-10,SP,3,0,19,0,0
2020-03-11,SP,11,0,30,0,0
2020-03-12,SP,12,0,42,0,0
2020-03-13,SP,14,0,56,0,0
2020-03-14,SP,9,0,65,0,0
2020-03-15,SP,71,0,136,0,0
2020-03-16,SP,16,0,152,0,0
2020-03-17,SP,12,1,164,1,0
2020-03-18,SP,76,3,240,4,0
2020-03-19,SP,46,0,286,4,0
2020-03-20,SP,110,5,396,9,0
2020-03-21,SP,63,6,459,15,0
2020-03-22,SP,172,7,631,22,0
2020-03-23,SP,114,8,745,30,0
2020-03-24,SP,65,10,810,40,0
2020-03-25,SP,52,8,862,48,0
2020-03-26,SP,190,10,1052,58,0
2020-03-27,SP,171,10,1223,68,0
2020-03-28,SP,183,16,1406,84,0
2020-03-29,SP,45,14,1451,98,0
2020-03-30,SP,66,15,1517,113,0
2020-03-31,SP,822,23,2339,136,0
2020-04-01,SP,642,28,2981,164,0
2020-04-02,SP,525,24,3506,188,0
2020-04-03,SP,542,31,4048,219,0
2020-04-04,SP,418,41,4466,260,0
2020-04-05,SP,154,15,4620,275,0
2020-04-06,SP,246,29,4866,304,0
2020-04-07,SP,816,67,5682,371,0
2020-04-08,SP,1026,57,6708,428,0
2020-04-09,SP,772,68,7480,496,1524
2020-04-10,SP,736,44,8216,540,1524
2020-04-11,SP,203,20,8419,560,1524
2020-04-12,SP,336,28,8755,588,1524
2020-04-13,SP,140,20,8895,608,1524
2020-04-14,SP,476,87,9371,695,1524
2020-04-15,SP,1672,83,11043,778,1524
2020-04-16,SP,525,75,11568,853,1524
2020-04-17,SP,1273,75,12841,928,1524
2020-04-18,SP,1053,63,13894,991,1524
2020-04-19,SP,373,24,14267,1015,1524
2020-04-20,SP,313,22,14580,1037,1524
2020-04-21,SP,805,56,15385,1093,1524
2020-04-22,SP,529,41,15914,1134,1524
2020-04-23,SP,826,211,16740,1345,1524
2020-04-24,SP,1086,167,17826,1512,1524
2020-04-25,SP,2178,155,20004,1667,1524
2020-04-26,SP,711,33,20715,1700,1524
2020-04-27,SP,981,125,21696,1825,1524
2020-04-28,SP,2345,224,24041,2049,1524
2020-04-29,SP,2117,198,26158,2247,1524
2020-04-30,SP,2540,128,28698,2375,1524
2020-05-01,SP,1676,136,30374,2511,2880
2020-05-02,SP,800,75,31174,2586,3232
2020-05-03,SP,800,41,31772,2627,3527
2020-05-04,SP,598,27,32187,2654,4012
2020-05-05,SP,1866,197,34053,2851,4546
2020-01-30,TO,0,0,0,0,0
2020-01-31,TO,0,0,0,0,0
2020-02-01,TO,0,0,0,0,0
2020-02-02,TO,0,0,0,0,0
2020-02-03,TO,0,0,0,0,0
2020-02-04,TO,0,0,0,0,0
2020-02-05,TO,0,0,0,0,0
2020-02-06,TO,0,0,0,0,0
2020-02-07,TO,0,0,0,0,0
2020-02-08,TO,0,0,0,0,0
2020-02-09,TO,0,0,0,0,0
2020-02-10,TO,0,0,0,0,0
2020-02-11,TO,0,0,0,0,0
2020-02-12,TO,0,0,0,0,0
2020-02-13,TO,0,0,0,0,0
2020-02-14,TO,0,0,0,0,0
2020-02-15,TO,0,0,0,0,0
2020-02-16,TO,0,0,0,0,0
2020-02-17,TO,0,0,0,0,0
2020-02-18,TO,0,0,0,0,0
2020-02-19,TO,0,0,0,0,0
2020-02-20,TO,0,0,0,0,0
2020-02-21,TO,0,0,0,0,0
2020-02-22,TO,0,0,0,0,0
2020-02-23,TO,0,0,0,0,0
2020-02-24,TO,0,0,0,0,0
2020-02-25,TO,0,0,0,0,0
2020-02-26,TO,0,0,0,0,0
2020-02-27,TO,0,0,0,0,0
2020-02-28,TO,0,0,0,0,0
2020-02-29,TO,0,0,0,0,0
2020-03-01,TO,0,0,0,0,0
2020-03-02,TO,0,0,0,0,0
2020-03-03,TO,0,0,0,0,0
2020-03-04,TO,0,0,0,0,0
2020-03-05,TO,0,0,0,0,0
2020-03-06,TO,0,0,0,0,0
2020-03-07,TO,0,0,0,0,0
2020-03-08,TO,0,0,0,0,0
2020-03-09,TO,0,0,0,0,0
2020-03-10,TO,0,0,0,0,0
2020-03-11,TO,0,0,0,0,0
2020-03-12,TO,0,0,0,0,0
2020-03-13,TO,0,0,0,0,0
2020-03-14,TO,0,0,0,0,0
2020-03-15,TO,0,0,0,0,0
2020-03-16,TO,0,0,0,0,0
2020-03-17,TO,0,0,0,0,0
2020-03-18,TO,0,0,0,0,0
2020-03-19,TO,1,0,1,0,0
2020-03-20,TO,0,0,1,0,0
2020-03-21,TO,1,0,2,0,0
2020-03-22,TO,0,0,2,0,0
2020-03-23,TO,3,0,5,0,0
2020-03-24,TO,2,0,7,0,0
2020-03-25,TO,0,0,7,0,0
2020-03-26,TO,0,0,7,0,0
2020-03-27,TO,1,0,8,0,0
2020-03-28,TO,1,0,9,0,0
2020-03-29,TO,0,0,9,0,0
2020-03-30,TO,1,0,10,0,0
2020-03-31,TO,1,0,11,0,0
2020-04-01,TO,1,0,12,0,0
2020-04-02,TO,0,0,12,0,0
2020-04-03,TO,0,0,12,0,0
2020-04-04,TO,2,0,14,0,0
2020-04-05,TO,3,0,17,0,0
2020-04-06,TO,0,0,17,0,0
2020-04-07,TO,2,0,19,0,0
2020-04-08,TO,4,0,23,0,0
2020-04-09,TO,0,0,23,0,0
2020-04-10,TO,0,0,23,0,6
2020-04-11,TO,0,0,23,0,6
2020-04-12,TO,2,0,25,0,6
2020-04-13,TO,1,0,26,0,6
2020-04-14,TO,0,0,26,0,6
2020-04-15,TO,0,1,26,1,6
2020-04-16,TO,3,0,29,1,6
2020-04-17,TO,2,0,31,1,12
2020-04-18,TO,2,0,33,1,12
2020-04-19,TO,0,0,33,1,12
2020-04-20,TO,1,0,34,1,13
2020-04-21,TO,3,0,37,1,15
2020-04-22,TO,0,0,37,1,15
2020-04-23,TO,0,1,37,2,15
2020-04-24,TO,6,0,43,2,16
2020-04-25,TO,7,0,50,2,16
2020-04-26,TO,8,0,58,2,16
2020-04-27,TO,9,0,67,2,17
2020-04-28,TO,12,0,79,2,17
2020-04-29,TO,37,1,116,3,26
2020-04-30,TO,21,0,137,3,28
2020-05-01,TO,27,0,164,3,31
2020-05-02,TO,27,1,191,4,31
2020-05-03,TO,27,0,246,4,33
2020-05-04,TO,55,2,267,6,39
2020-05-05,TO,36,1,303,7,44
2020-05-06,RO,82,4,943,33,190
2020-05-06,AC,126,4,943,33,233
2020-05-06,AL,97,9,1703,89,581
2020-05-06,AM,1134,102,9243,751,2286
2020-05-06,AP,115,1,2046,56,596
2020-05-06,BA,261,14,4301,160,918
2020-05-06,CE,834,53,12304,848,1677
2020-05-06,DF,88,1,1906,34,1170
2020-05-06,ES,166,12,3568,145,1237
2020-05-06,GO,102,7,1024,45,162
2020-05-06,MA,498,20,5028,291,1439
2020-05-06,MG,153,3,2605,97,465
2020-05-06,MS,5,0,288,10,184
2020-05-06,MT,14,0,379,13,220
2020-05-06,PA,545,23,5017,392,2898
2020-05-06,PB,132,7,1493,92,320
2020-05-06,PE,556,54,9881,803,1370
2020-05-06,PI,74,1,949,30,191
2020-05-06,PR,39,2,1627,101,1086
2020-05-06,RJ,904,82,13295,1205,8300
2020-05-06,RN,38,4,1574,72,662
2020-05-06,RR,63,2,932,13,190
2020-05-06,RS,235,8,2050,87,1068
2020-05-06,SC,294,4,2917,59,643
2020-05-06,SE,100,2,998,23,79
2020-05-06,SP,3800,194,37853,3045,5474
2020-05-06,TO,48,2,351,9,52
