,S,E,E_delta,I,I_delta,R,R_delta,E+I,E+I+R
2020-04-08,604981.0,780.0,0.0,0.0,0.0,0.0,0.0,780.0,780.0
2020-04-09,604981.0,1.3076260750350457,0.0,778.692373924965,778.692373924965,0.0,0.0,780.0,780.0
2020-04-10,604706.367300721,274.6348914405143,274.63269927903724,554.5213280669899,1.3054339135579796,225.47647977153304,225.47647977153304,829.1562195075041,1054.6326992790373
2020-04-11,604510.8850256514,195.9426849992323,195.48227506953742,668.1298130462594,274.1744815108194,386.04247630308294,160.5659965315499,864.0724980454918,1250.1149743485748
2020-04-12,604275.4291323642,235.7843801642694,235.45589328719586,670.2817874191979,195.61419812215877,579.5047000523032,193.46222374922027,906.0661675834674,1485.5708676357706
2020-04-13,604039.3068659622,236.51754563738731,236.1222664020171,711.5855435533695,235.38910092889918,773.5900448470309,194.08534479472763,948.1030891907568,1721.6931340377878
2020-04-14,603788.73234686,250.9710274482217,250.57451910222332,741.6614097484928,236.12103729138894,979.6352159432965,206.04517109626562,992.6324371967145,1972.2676531400111
2020-04-15,603527.6753876746,261.4776979797782,261.05695918545814,777.4578245335889,250.55028865390165,1194.3890898121022,214.75387386880558,1038.9355225133672,2233.3246123254694
2020-04-16,603254.1367893091,273.9769510013367,273.5385983655438,813.3781635579365,261.0393453439853,1419.5080961317399,225.11900631963766,1087.3551145592733,2506.863210691013
2020-04-17,602968.0897834795,286.50631275918965,286.04700582958975,851.375785624488,273.5176440717368,1655.0281181369253,235.52002200518535,1137.8820983836777,2792.910216520603
2020-04-18,602668.821831451,299.74826372742234,299.2679520284146,890.8792554086274,286.0260010601819,1901.5506494129677,246.52253127604246,1190.6275191360496,3092.1781685490173
2020-04-19,602355.8234013281,313.500941207016,312.998430122918,932.1639374965364,299.24575264332435,2159.511719968383,257.9610705554154,1245.6648787035524,3405.1765986719356
2020-04-20,602028.490244182,327.8587238195574,327.3331571461339,975.2239382127611,312.9753745335925,2429.427093785751,269.9153738173677,1303.0826620323185,3732.5097558180696
2020-04-21,601686.222489503,342.8173913663519,342.2677546789235,1020.1492908429093,327.309087132129,2711.8108282877315,282.38373450198077,1362.9666822092613,4074.777510496993
2020-04-22,601328.3911389329,358.4060646212931,357.83135057010577,1066.9997457053473,342.24267731516454,3007.203050740458,295.3922224527266,1425.4058103266404,4432.608861067099
2020-04-23,600954.3489295657,374.64305695116826,374.04220936713045,1115.846823900029,357.8052170372553,3316.1611895830315,308.9581388425737,1490.4898808511973,4806.651070434229
2020-04-24,600563.42644301,391.55055454305614,390.9224865557482,1166.7596196973382,374.01498896386033,3639.2633827495824,323.1021931665511,1558.3101742403942,5197.573556989977
2020-04-25,600154.9332166307,409.14963883413895,408.49322637924803,1219.8093695733373,390.8941420881652,3977.1077749617484,337.844392212166,1628.9590084074762,5606.066783369224
2020-04-26,599728.1572705285,427.4618624308227,426.7759461021936,1275.0677290194783,408.46372250550985,4330.313138021117,353.2053630593689,1702.529591450301,6032.842729471418
2020-04-27,599429.1247809534,302.3212940259913,299.03248957507225,1330.0349328820816,424.17305797990366,4699.518992138417,369.2058541173004,1632.356226908073,6331.87521904649
2020-04-28,599117.3567565471,314.09402282804643,311.76802440623123,1244.9081896921336,299.9952956041761,5084.641030932541,385.12203879412414,1559.0022125201801,6643.643243452721
2020-04-29,598825.694717052,294.07861489292435,291.66203949504046,1196.1127139887478,311.67744743016254,5445.11395406609,360.47292313354836,1490.1913288816722,6935.305282947762
2020-04-30,598545.6010970402,282.3562009402745,280.09362001181455,1141.5849372378586,291.8160339644644,5791.457764781443,346.3438107153536,1423.941138178133,7215.398902959576
2020-05-01,598278.4012802467,269.37220785815293,267.1998167935647,1091.2138815108647,280.1838098756863,6122.012630384123,330.5548656026803,1360.5860893690176,7482.598719753141
2020-05-02,598023.1053513197,257.36842379501957,255.29592892700978,1042.5440628607644,267.2997129901431,6437.9821620243665,315.9695316402435,1299.912486655784,7737.894648680151
2020-05-03,597779.3000941692,245.78539735031376,243.80525715046127,996.0555422492829,255.38828359516708,6739.858966231015,301.87680420664856,1241.8409395995966,7981.699905830612
2020-05-04,597546.46142337,234.72969355421318,232.8386707991541,951.5342281287584,243.89437459525467,7028.274654946794,288.4156887157792,1186.2639216829716,8214.538576629766
2020-05-05,597324.116725823,224.15065997024936,222.344697546996,908.9337659776234,232.92373113095982,7303.798848228888,275.5241932820948,1133.0844259478727,8436.883274176762
2020-05-06,597111.805494172,214.0358011459435,212.3112316510312,868.1709608623823,222.42609047533705,7566.987743819466,263.188895590578,1082.2067620083258,8649.194505827792
2020-05-07,596909.0878289021,204.3644131025668,202.7176652699956,829.1743082795491,212.3890533133723,7818.373449715672,251.38570589620554,1033.538721382116,8851.912171097789
2020-05-08,596715.5416012754,195.11856577069338,193.54622762665613,791.8724637284931,202.79207495852955,8058.467369225257,240.0939195095856,986.9910294991865,9045.458398724444
2020-05-09,596530.7623200628,186.28048369161297,184.77928121260246,756.1969489487687,193.61736329168286,8287.760247296665,229.29287807140722,942.4774326403817,9230.237679937047
2020-05-10,596354.3623739185,177.8331502210888,176.3999461443544,722.0814753989786,184.84727961487857,8506.723000461334,218.96275316466878,899.9146256200673,9406.637626081401
2020-05-11,596185.9704391403,169.76014679285242,168.39193477823622,689.4620631827704,176.4649382064726,8715.807350884015,209.08435042268076,859.2222099756228,9575.029560859639
2020-05-12,596025.2308664732,162.0456726387698,160.73957266721652,658.2769660390494,168.45404682129916,8915.446494849035,199.63914396502014,820.3226386778192,9735.769133526854
2020-05-13,595871.8030917082,154.67452114458547,153.42777476492967,628.4666376203049,160.79892625911398,9106.055749526893,190.6092546778585,783.1411587648904,9889.196908291784
2020-05-14,595725.361059952,147.63206599855877,146.44203175622584,599.9736840729702,153.48448690225254,9288.03318997648,181.9774404495873,747.605750071529,10035.63894004801
2020-05-15,595345.1361806685,380.2540277936964,380.22487928350625,573.8495191212495,147.6029174883686,9461.76027241657,173.72708244008928,954.1035469149459,10415.863819331516
2020-05-16,594981.6992370061,363.51202110795487,363.43694366235366,787.8658437358167,380.1789503480952,9627.922898150098,166.162625733528,1151.3778648437715,10779.30076299387
2020-05-17,594483.0236353782,498.74737352772826,498.6756016279052,923.1733630927909,363.44024920813183,9856.055628001255,228.13272985115768,1421.9207366205192,11277.976364621774
2020-05-18,593899.1955785837,583.9265295944205,583.8280567944819,1154.5101812842906,498.6489007277897,10123.367710537545,267.31208253628995,1738.436710878711,11861.804421416255
2020-05-19,593169.7838473049,729.52702187163,729.4117312788779,1404.0239489696926,583.8112390016684,10457.66518185381,334.29747131626635,2133.550970841323,12591.216152695133
2020-05-20,592283.8204591259,886.1074261674928,885.9633881789488,1726.8607945710673,729.382983883086,10864.211320135522,406.5461382817113,2612.9682207385604,13477.179540874084
2020-05-21,591195.7689931057,1088.2264192809657,1088.0514660201918,2112.7671903598457,885.9324729067189,11364.237397253462,500.0260771179406,3200.9936096408114,14565.231006894273
2020-05-22,589867.0131083109,1328.9707444777207,1328.7558847949203,2589.010451447572,1088.0115595981654,11976.0056957639,611.7682985104391,3917.981195925293,15893.986891689194
2020-05-23,588242.3992510665,1624.8762495439605,1624.613857244389,3168.050536371883,1328.7083521781492,12725.673963017738,749.6682672538379,4792.9267859158435,17518.600748933583
2020-05-24,586259.9108057705,1982.8092612487617,1982.4884452959586,3875.2721079670046,1624.5554335911575,13643.007825013774,917.3338619960358,5858.081369215766,19501.089194229542
2020-05-25,583843.0332993781,2417.268992724111,2416.8775063924268,4735.574472074362,1982.4177749170778,14765.123235823494,1122.1154108097205,7152.843464798473,21917.966700621968
2020-05-26,580901.7895802156,2941.720985326778,2941.243719162478,5781.143495787782,2416.7917265598107,16136.345938669885,1371.2227028463913,8722.86448111456,24859.210419784446
2020-05-27,577329.2363915226,3573.134002783335,3572.5531886929984,7048.308258848555,2941.140171236442,17810.321346845554,1673.9754081756687,10621.44226163189,28431.763608477442
2020-05-28,573000.4048988206,4329.536973128548,4328.831492702013,8579.84388464421,3572.4285223567995,19851.2142434067,2040.8928965611444,12909.380857772758,32760.595101179457
2020-05-29,567770.4667329426,5230.792990686652,5229.938165877919,10424.164992739807,4328.6821483198155,22335.57528363092,2484.361040224218,15654.957983426459,37990.53326705738
2020-05-30,561474.2986303403,6297.200871613294,6296.168102602304,12635.526542712149,5229.760221675662,25353.97395533424,3018.398671703321,18932.727414325444,44286.701369659684
2020-05-31,553927.1054694164,7548.436481760341,7547.193160923947,15272.768353728849,6295.9575507769005,29012.68969509444,3658.7157397602,22821.20483548919,51833.894530583624
2020-06-01,544927.310377005,9001.285457503942,8999.79509241137,18397.364695212247,7546.946116667769,33435.03947027881,4422.349775184371,27398.65015271619,60833.689622995
2020-06-02,534262.4191244239,10666.668468520731,10664.891252581172,22069.77180229286,8999.508241564383,38762.14060476258,5327.10113448377,32736.44027081359,71498.58087557617
2020-06-03,521719.03539173893,12545.489762241928,12543.383732684955,26343.858846898198,10664.562438963758,45152.615999121,6390.475394358422,38889.34860914013,84041.96460826113
2020-06-04,507097.9937836195,14623.518592599099,14621.04160811946,31258.800828927826,12543.01277776229,52780.68679485366,7628.070795732662,45882.319421526925,98663.00621638059
2020-06-05,490235.31973326503,16865.561321340116,16862.674050354442,36828.201383684805,14620.631321613426,61831.91756171011,9051.230766856444,53693.76270502492,115525.68026673503
2020-06-06,471028.85883716034,19209.79083653944,19206.460896104665,43026.538417641634,16862.23138090534,72495.81190865862,10663.894346948515,62236.32925418107,134732.1411628397
2020-06-07,449468.98757233925,21563.664050488347,21559.871264821068,49773.86505471194,19205.99805087216,84954.48332246048,12458.671413801852,71337.52910520029,156292.01242766075
2020-06-08,425669.7339407671,23803.51116652609,23799.253631572137,56920.85884737407,21559.406515534396,99366.89604533275,14412.412722872265,80724.37001390016,180091.2660592329
2020-06-09,399894.2720833258,25780.161628342095,25775.461857441333,64237.78945381506,23798.811395625326,115848.77683451708,16481.88078918434,90017.95108215715,205866.72791667422
2020-06-10,372566.8911457638,27332.470978799567,27327.380937561946,71412.30564913548,25775.071587104474,134449.33222630114,18600.55539178405,98744.77662793505,233194.1088542362
2020-06-11,344263.4296533284,28308.85802200006,28303.461492435432,78061.38731288128,27327.07444923494,155127.32501179026,20677.992785489132,106370.24533488134,261497.57034667162
2020-06-12,315675.05953815626,28593.959422826556,28588.370115172118,83761.36953467585,28303.26871434562,177730.61150434133,22603.286492551066,112355.32895750241,290085.94046184374
2020-06-13,287546.57851204125,28134.12662425775,28128.48102611499,88095.92234160872,28588.313824683795,201984.37252209225,24253.761017750927,116230.04896586647,318214.42148795875
2020-06-14,260598.5963705988,26953.53695008819,26947.98214144244,90715.62940272097,28128.571815612002,227493.237276592,25508.86475449976,117669.16635280916,345162.4036294012
2020-06-15,235449.84484471235,25154.07323862639,25148.751525886433,91396.42317440646,26948.21523734823,253760.65874225475,26267.42146566274,116550.49641303284,370311.1551552876
2020-06-16,212557.5227353489,22897.28853556065,22892.32210936346,90080.97934894756,25149.106812429203,280225.20938014286,26464.550637888104,112978.26788450821,393203.4772646511
2020-06-17,192188.42374842928,20373.619833008805,20369.09898691963,86890.09346981475,22892.767689471475,306308.8629487471,26083.65356860429,107263.71330282355,413572.57625157066
2020-06-18,174423.6480263732,17768.79829439697,17764.775722056085,82099.98317633991,20369.59726066792,331468.57050288987,25159.707554142762,99868.78147073688,431337.35197362676
2020-06-19,159189.7630124986,15237.393289631971,15233.885013874613,76092.57961818716,17765.29001863961,355241.26407968224,23772.69357679236,91329.97290781913,446571.2369875014
2020-06-20,146303.71683703994,12889.054650010361,12886.046175458641,69293.7616389927,15234.384815080251,377274.46687395696,22033.202794274708,82182.81628900307,459457.28316296
2020-06-21,135518.92574505182,10787.335910000827,10784.791091988112,62115.71970745489,12886.509831997646,397339.01863749244,20064.55176353546,72903.05561745571,470242.0742549482
2020-06-22,126563.96448103726,8957.091118179858,8954.961264014568,54914.8322980143,10785.206055835537,415325.11210276856,17986.09346527613,63871.92341619416,479197.0355189627
2020-06-23,119170.26198787235,7395.4709833636125,7393.702493164911,47969.13484615391,8955.322627981157,431226.1321826101,15901.020079841548,55364.605829517524,486590.73801212764
2020-06-24,113089.02372315024,6082.698428270328,6081.238264722107,41473.30671932644,7394.010819815391,445115.971129253,13889.83894664286,47556.00514759677,492671.97627684975
2020-06-25,108099.58885022208,4990.635842351172,4989.434872928161,35545.8831758732,6081.497458847317,457124.89213155356,12008.921002300562,40536.51901822437,497661.41114977794
2020-06-26,104011.92107784368,4088.6531247049475,4087.66777237839,30242.944606025558,4989.650490024615,467417.4811914258,10292.589059872254,34331.59773073051,501749.0789221563
2020-06-27,100665.58595752901,3347.142384959132,3346.33512031467,25573.708830213745,4087.8458600604854,476174.5628272981,8757.081635872299,28920.85121517288,505095.414042471
2020-06-28,97926.93312729908,2739.313690817738,2738.6528302299243,21515.122532135316,3346.4815243713183,483579.63064974785,7405.067822449749,24254.436222953052,507834.06687270093
2020-06-29,95685.59067515236,2241.8833028927443,2241.3424521467305,18024.02302101522,2738.772840071724,489809.5030009397,6229.872351191822,20265.906323907962,510075.4093248476
2020-06-30,93850.90987875214,1835.1234343722451,1834.6807964002194,15046.466559233382,2241.4406649207185,495028.50012764224,5218.997126702555,16881.589993605627,511910.09012124786
2020-07-01,92348.68395824252,1502.5882477165549,1502.2259205096218,12524.405349421762,1834.761107165312,499385.32244461915,4356.822316976933,14026.993597138317,513412.31604175747
2020-07-02,91118.27335391795,1230.7072757052395,1230.4106043245745,10400.157198412777,1502.2915763358899,503011.862171964,3626.5397273448757,11630.864474118016,514642.726646082
2020-07-03,90110.16404545734,1008.3522995975532,1008.1093084606048,8619.174456283146,1230.464284568291,506023.30919866194,3011.447026697922,9627.526755880699,515650.8359545426
2020-07-04,89283.9326544273,826.4304803476605,826.2313910300295,7131.578151072488,1008.1532102799222,508519.05871415255,2495.7495154905805,7958.008631420149,516477.0673455727
2020-07-05,88606.5700811462,677.525743911516,677.3625732811048,5892.841114318058,826.2673097172493,510584.06306062423,2065.0043464716796,6570.366858229574,517154.4299188538
2020-07-06,88051.10994432367,555.593907666395,555.4601368225276,4863.914758348845,677.3919730676486,512290.3813896611,1706.3183290368625,5419.50866601524,517709.89005567634
2020-07-07,87595.51066360783,455.70897730899725,455.59928071585085,4011.0143308344004,555.4842110732486,513698.7660282488,1408.3846385876927,4466.723308143398,518165.4893363922
2020-07-08,87221.74594651484,373.8546923817436,373.76471709298096,3305.2126975514066,455.61900202023463,514860.1866635521,1161.4206353032284,3679.06738993315,518539.25405348523
2020-07-09,86915.06525912546,306.7545013486721,306.6806873893752,2721.9433352174487,373.7808784224467,515817.2369043085,957.0502407564045,3028.6978365661207,518845.9347408746
2020-07-10,86663.39240160534,251.73342320175973,251.67285752012432,2240.477245290661,306.69393566703667,516605.3969299023,788.1600255938245,2492.2106684924206,519097.60759839474
2020-07-11,86456.83609357072,206.60601034151208,206.55630803461978,1843.4132203587037,251.68372089486743,517254.14467572916,648.7477458268246,2050.0192307002158,519304.16390642937
2020-07-12,86287.2913710704,169.58551484008436,169.5447225003101,1516.2036928910097,206.5652180017378,517787.9194211986,533.7747454694319,1685.7892077310942,519473.7086289297
2020-07-13,86148.11464181203,139.2102122627207,139.1767292583748,1246.7270623982713,169.55203183573846,518226.9480835271,439.0286623284768,1385.937274660992,519612.88535818807
2020-07-14,86033.85853974786,114.28358776155812,114.2561020641707,1024.9101969828125,139.18272656533327,518587.94767550786,360.99959198079193,1139.1937847443705,519727.1414602522
2020-07-15,85940.05538282114,93.82572110544434,93.80315692672134,842.4004404271211,114.26102358283512,518884.7184556464,296.77078013852656,936.2261615325655,519820.944617179
2020-07-16,85863.04018165974,77.03372613406316,77.01520116139382,692.2839868288675,93.807196132775,519128.64210537745,243.9236497310286,769.3177129629306,519897.9598183404
2020-07-17,85799.80587116563,63.24952005130734,63.23431049411515,568.8462493325264,77.01851657687097,519329.09835945064,200.456254073212,632.0957693838338,519961.19412883447
2020-07-18,85747.88482389293,51.93353527296253,51.92104727269464,467.36939162984766,63.237032051039456,519493.8122492044,164.71388975371826,519.3029269028102,520013.1151761072
2020-07-19,85705.25182112973,42.64325653274955,42.63300276320513,383.96220283920894,51.92328150341811,519629.1427194984,135.33047029405682,426.6054593719585,520055.74817887036
2020-07-20,85670.24455875288,35.01568187155724,35.00726237685479,315.4177747906681,42.634837038047095,519740.321984585,111.17926508658798,350.43345666222535,520090.75544124725
2020-07-21,85641.4984933151,28.752978942330493,28.74606543778156,259.0948544207027,35.00876836700831,519831.653673322,91.3316887369737,287.8478333630332,520119.50150668505
2020-07-22,85617.89342371053,23.610746599567303,23.605069604572826,212.81921064784956,28.747301947336016,519906.6766190422,75.02294572018914,236.42995724741687,520143.1065762896
2020-07-23,85598.50968237415,19.388403047804804,19.383741336385945,174.8018251496585,23.606084888148445,519968.3000894285,61.6234703863395,194.1902281974633,520162.490317626
2020-07-24,85582.59219896042,15.92131146463022,15.917483413725508,143.5711616876008,19.384574996900092,520018.91532788746,50.6152384589578,159.492473152231,520178.4078010397
2020-07-25,85569.5210160871,13.074326380831783,13.071182873313083,117.91717455751072,15.91816795711152,520060.48748297465,41.5721550872016,130.9915009383425,520191.478983913
2020-07-26,85558.78709482933,10.736502655880598,10.733921257773325,96.84507748638345,13.07174498272451,520094.6313250285,34.143842053851785,107.58158014226404,520202.21290517075
2020-07-27,85549.97245828006,8.81675636690977,8.814636549274251,79.53720912757848,10.734382838245079,520122.6735762255,28.042251197050042,88.35396549448825,520211.02754172
2020-07-28,85542.73389356094,7.2403055015902185,7.238564719118153,65.32160244645544,8.815015584437704,520145.70419849106,23.030622265560734,72.56190794804566,520218.2661064391
2020-07-29,85536.78957335524,5.945749733341502,5.944320205702872,53.6460964823587,7.238875973951588,520164.6185804291,18.91438193804833,59.5918462157002,520224.21042664483
2020-07-30,85531.90807314913,4.882674136353061,4.881500206112918,44.05702460459574,5.944575803101359,520180.15222811,15.533647680864316,48.9396987409488,520229.09192685096
2020-07-31,85527.89935461641,4.009682569050841,4.008718532709168,36.18167793906946,4.8817101000113885,520192.90928487555,12.757056765537671,40.1913605081203,520233.10064538365
2020-08-01,85524.60736278653,3.2927835025648133,3.291991829885624,29.713880418925505,4.008890896371652,520203.38597329205,10.476688416515605,33.00666392149032,520236.3926372135
2020-08-02,85521.90394790613,2.7040650083457423,2.703414880388585,24.402126839508362,3.292133374607656,520211.9898602461,8.603886954024802,27.106191847854106,520239.09605209396
2020-08-03,85519.68387477491,2.220607022463712,2.220073131225941,20.039830881698844,2.7035311171079712,520219.055687321,7.065827074917489,22.260437904162558,520241.31612522516
2020-08-04,85517.86072487208,1.8235883400164998,1.8231499028383378,16.457309375585453,2.22016858528555,520224.8583774124,5.80269009139894,18.280897715601952,520243.139275128
2020-08-05,85516.3635314814,1.4975534403887816,1.497193390673619,13.51519475413558,1.8232282903013373,520229.6237203242,4.76534291175121,15.012748194524361,520244.6364685187
2020-08-06,85515.13401664769,1.2298105110173099,1.2295148337102002,11.099021952552668,1.497257763081672,520233.5371508889,3.9134305646645835,12.328832463569977,520245.8659833525
2020-08-07,85514.12432228688,1.0099371748909463,1.009694360811431,9.114780855968503,1.2295676969377947,520236.7509596824,3.2138087935219604,10.12471803085945,520246.87567771325
2020-08-08,85513.29514704907,0.8293746400441193,0.8291752378083339,7.485262395852627,1.0097377726551608,520239.39021591516,2.639256232771037,8.314637035896746,520247.70485295105
2020-08-09,85512.61421635596,0.6810944450362799,0.6809306931102788,6.147056892468092,0.8292108881181182,520241.55763230665,2.1674163915026528,6.828151337504372,520248.38578364416
2020-08-10,85512.05502602184,0.5593248095623033,0.5591903341132379,5.048088362071562,0.6809599695872145,520243.33756080666,1.7799284999837452,5.6074131716338655,520248.9449739783
2020-08-11,85511.59581052931,0.45932592575317666,0.45921549252987337,4.14558918942797,0.5592143763390001,520244.79927435564,1.4617135489825916,4.604915115181147,520249.4041894708
2020-08-12,85511.21869578377,0.37720543496051373,0.3771147455405908,3.4044365854390417,0.45923523633325375,520245.999662196,1.2003878403221822,3.7816420203995555,520249.78130421636
2020-08-13,85510.90900335743,0.3097669018653978,0.30969242633468996,2.7957862497200896,0.3771309594298059,520246.98544349114,0.9857812951487582,3.1055531515854873,520250.0909966427
2020-08-14,85510.65467913382,0.25438538406462524,0.25432422361391605,2.2959501709123473,0.3097057414146886,520247.79498531134,0.809541820222431,2.5503355549769724,520250.3453208663
2020-08-15,85510.4458241085,0.2089052512423253,0.2088550253316501,1.885474962863777,0.25433515815395,520248.45979567757,0.6648103662025202,2.0943802141061023,520250.5541758917
2020-08-16,85510.27430907986,0.17155627494183687,0.1715150286393928,1.5483849151383728,0.20886400493988125,520249.0057497302,0.5459540526652854,1.7199411900802097,520250.7256909203
2020-08-17,85510.13345823028,0.14088472169506386,0.1408508495833752,1.2715603305221204,0.17152240283014822,520249.45409671764,0.4483469874464007,1.4124450522171843,520250.8665417699
2020-08-18,85510.01778927995,0.11569676664234758,0.11566895032941994,1.0442269765106518,0.14085690538213622,520249.822286977,0.3681902593936048,1.1599237431529994,520250.9822107202
2020-08-19,85509.92280009856,0.09501202459483112,0.0949891813977341,0.8575367949123092,0.11567392344525057,520250.1246510821,0.30236410504359323,0.9525488195071403,520251.0771999016
2020-08-20,85509.84479346829,0.07802538947243398,0.07800663027572181,0.7042235605089773,0.09499326539811895,520250.3729575819,0.24830649980145078,0.7822489499814113,520251.15520653187
2020-08-21,85509.78073317709,0.06407569655786205,0.0640602912064247,0.5783200934228094,0.07800998412099663,520250.5768710331,0.20391345120716445,0.6423957899806715,520251.2192668231
2020-08-22,85509.72812584056,0.05261998765197535,0.05260733653122169,0.4749260232998207,0.06406304543710839,520250.74432814866,0.1674571155600971,0.5275460109517961,520251.27187415963
2020-08-23,85509.6849238525,0.04321237735116604,0.0432019880483008,0.39001706943070225,0.05260959834911011,520250.88184670085,0.13751855221822856,0.43322944678186825,520251.3150761476
2020-08-24,85509.64944568658,0.03548669779249674,0.035478165930444665,0.3202884157574214,0.04320384548911396,520250.9947792,0.11293249916239481,0.35577511354991814,520251.35055431357
2020-08-25,85509.62031044677,0.029142246305242692,0.029135239803198414,0.2630260860459531,0.03547969129045246,520251.087521221,0.09274202100192071,0.2921683323511958,520251.3796895534
2020-08-26,85509.59638411943,0.023932081197465163,0.023926327345430057,0.2160013138513569,0.029136492453207586,520251.1636824857,0.07616126464780382,0.23993339504882205,520251.40361588076
2020-08-27,85509.57673543449,0.019653410097502856,0.019648684941704634,0.17738379658478326,0.02392735604166694,520251.22622735903,0.06254487330824059,0.1970372066822861,520251.4232645657
2020-08-28,85509.56059961814,0.01613969672542331,0.016135816351463737,0.14567045778445858,0.019649529723543283,520251.27759022755,0.051362868523867976,0.1618101545098819,520251.43940038205
2020-08-29,85509.5473486259,0.013254178860206666,0.013250992234650183,0.11962694515931487,0.016136510099866826,520251.3197702503,0.04218002272501055,0.13288112401952154,520251.45265137433
2020-08-30,85509.53646669761,0.010884545199131332,0.010881928290907797,0.09823958757958613,0.013251561951983131,520251.3544091698,0.034638919531711866,0.10912413277871746,520251.4635333026
2020-08-31,85509.52753028274,0.008938563915098141,0.008936414867907706,0.08067594120769624,0.010882396151940896,520251.3828552123,0.028446042523830792,0.08961450512279438,520251.47246971744
2020-09-01,85509.52019155481,0.007340492761609426,0.007338727929426103,0.06625238922658566,0.008936799082914818,520251.40621556336,0.023360351064025387,0.0735928819881951,520251.4798084453
2020-09-02,85509.51416487312,0.0060281309959119836,0.006026681687276929,0.054407534134403045,0.0073390434529743715,520251.4253994619,0.019183898545156987,0.06043566513031503,520251.485835127
2020-09-03,85509.50921566495,0.004950398372640897,0.004949208177024697,0.04468034701401518,0.006026940800295783,520251.4411535898,0.015754127920683647,0.04963074538665608,520251.4907843352
2020-09-04,85509.50515129538,0.004065346975635226,0.004064369567804249,0.03669222332443063,0.00494942096480992,520251.4540911345,0.012937544654394471,0.040757570300065854,520251.4948487048
2020-09-05,85509.50181356954,0.0033385285030210175,0.0033377258399481654,0.030132246802812127,0.004064544312562374,520251.4647156553,0.010624520834180877,0.033470775305833145,520251.4981864306
2020-09-06,85509.49907257524,0.0027416534559673955,0.0027409942961064784,0.024745087926600205,0.0033378693431601004,520251.4734406835,0.008725028219372022,0.0274867413825676,520251.5009274249
2020-09-07,85509.49682162651,0.002251490043256424,0.002250948730546623,0.020321065924259356,0.0027411121432575946,520251.48060581763,0.007165134145598444,0.02257255596751578,520251.5031783736
2020-09-08,85509.4949731111,0.001848959944217439,0.0018485154094883135,0.01668798753067076,0.0022510455085272985,520251.48648994154,0.005884123902115895,0.018536947474888196,520251.50502688903
2020-09-09,85509.49345508042,0.0015183957348391653,0.0015180306757484406,0.013704444836330872,0.0018485948851267144,520251.4913220791,0.0048321375794666,0.015222840571170038,520251.5065449197
2020-09-10,85509.49220844914,0.0012469310742329854,0.001246631281818307,0.011254311369567893,0.0015180959424244869,520251.4952903085,0.003968229409187465,0.012501242443800879,520251.50779155095
2020-09-11,85509.49118469542,0.0010239999159989623,0.0010237537216313778,0.009242222188153695,0.0012466848798654009,520251.49854908255,0.003258774061279598,0.010266222104152657,520251.50881530467
2020-09-12,85509.49034397234,0.0008409252525743877,0.0008407230737876562,0.007589862056055579,0.0010237977372122308,520251.5012252404,0.0026761578693103474,0.008430787308629966,520251.5096560277
2020-09-13,85509.48965355699,0.0006905813854941838,0.0006904153530125001,0.00623291723324745,0.000840759220092704,520251.50342294446,0.002197704042900832,0.006923498618741634,520251.5103464431
2020-09-14,85509.48908657675,0.0005671165763043337,0.00056698022775149,0.005118572235612979,0.0006904450369413401,520251.5052277345,0.0018047900345758117,0.005685688811917312,520251.5109134233
2020-09-15,85509.48862096344,0.00046572528303365576,0.00046561331140207554,0.004203454133310909,0.0005670046046727535,520251.5067098572,0.0014821227069748235,0.004669179416344565,520251.51137903664
2020-09-16,85509.48823859428,0.0003824611171206613,0.0003823691642101164,0.00345194437510146,0.00046563333012311083,520251.5079270003,0.0012171430883325595,0.0038344054922221215,520251.5117614058
2020-09-17,85509.48792458654,0.00031408324063145773,0.0003140077274176154,0.002834792431026562,0.000382385603906819,520251.5089265378,0.0009995375479817169,0.0031488756716580198,520251.5120754135
2020-09-18,85509.48766671833,0.00025793022518173233,0.00025786821251207154,0.002327977293262698,0.00031402122796179695,520251.50974737416,0.0008208363657256609,0.0025859075184444303,520251.5123332817
2020-09-19,85509.48745495279,0.0002118164628515569,0.00021176553704660924,0.0019117725221519568,0.0002578792993767847,520251.5104214582,0.000674084070487526,0.0021235889850035137,520251.5125450472
2020-09-20,85509.4872810475,0.00017394709715945171,0.00017390527606669579,0.0015699784468498335,0.00021177464175880096,520251.51097502693,0.0005535687170609244,0.0017439255440092852,520251.5127189525
2020-09-21,85509.48713823369,0.00014284816300718633,0.00014281381885099094,0.0012892916360631016,0.00017391275300325632,520251.5114296265,0.0004545995637899881,0.001432139799070288,520251.51286176627
2020-09-22,85509.48702095267,0.00011730921647624356,0.00011728101250099673,0.0010587870972152134,0.0001428199590319395,520251.511802951,0.0003733244978798278,0.0011760963136914569,520251.5129790473
2020-09-23,85509.48692463961,9.633622149165749e-05,9.631305993208212e-05,0.0008694930500252048,0.00011728605491666819,520251.5121095311,0.0003065801021066767,0.0009658292715168624,520251.5130753604
2020-09-24,85509.48684554578,7.911285959061048e-05,7.909383894414835e-05,0.0007140417236953952,9.631720084519535e-05,520251.5123612996,0.00025176852717500496,0.0007931545832860057,520251.5131544542
2020-09-25,85509.48678059263,6.496875688041628e-05,6.495313681862041e-05,0.0005863825859178239,7.909723952881461e-05,520251.512568056,0.00020675637730638587,0.0006513513427982402,520251.51321940735
2020-09-26,85509.48672725206,5.335339150393697e-05,5.334056405714102e-05,0.00048154684190066535,6.495592943362034e-05,520251.5127378477,0.0001697916734507789,0.0005349002334046023,520251.5132727479
2020-09-27,85509.48668344793,4.381466602929488e-05,4.380413192299884e-05,0.00039545403716438696,5.3342857397640935e-05,520251.5128772833,0.00013943566213391934,0.0004392687031936818,520251.51331655204
2020-09-28,85509.48664747528,3.598131075064157e-05,3.597265997256977e-05,0.00032475323663438987,4.380601525122308e-05,520251.51299179014,0.00011450681578122017,0.00036073454738503143,520251.51335252466
2020-09-29,85509.48661793394,2.9548432994870274e-05,2.9541328836326008e-05,0.00026669259834717954,3.59742065920973e-05,520251.51308582496,9.403484487930763e-05,0.0002962410313420498,520251.513382066
2020-09-30,85509.48659367413,2.426564997915252e-05,2.4259815929520897e-05,0.0002190122652719746,2.954259894523865e-05,520251.5131630479,7.72229320204436e-05,0.0002432779152511271,520251.51340632583
2020-10-01,85509.48657375158,1.9927343322085338e-05,1.99225523063876e-05,0.00017985640634540355,2.4260858963454782e-05,520251.5132264646,6.341671789002583e-05,0.0001997837496674889,520251.5134262484
2020-10-02,85509.48655739086,1.636465589100924e-05,1.6360721431608716e-05,0.00014770098314927107,1.9923408862684813e-05,520251.5132785435,5.20788320588173e-05,0.00016406563904028032,520251.5134426091
2020-10-03,85509.48654395518,1.3438919483897922e-05,1.3435688442350334e-05,0.00012129443074035873,1.6361424849461653e-05,520251.51332131145,4.2767977258373995e-05,0.00013473335022425666,520251.5134560448
2020-10-04,85509.48653292157,1.1036257535682027e-05,1.1033604152225854e-05,9.960894379039309e-05,1.3436266100441749e-05,520251.5133564332,3.512175305040739e-05,0.00011064520132607511,520251.5134670784
2020-10-05,85509.4865238606,9.063152773595779e-06,9.060973772285567e-06,8.180047197794137e-05,1.1034078534371815e-05,520251.5133852757,2.8842550346823533e-05,9.086362475153715e-05,520251.51347613934
2020-10-06,85509.48651641958,7.442807304229904e-06,7.4410178731927546e-06,6.717586755858452e-05,9.06136334255863e-06,520251.5134089617,2.368596776191548e-05,7.461867486281443e-05,520251.5134835804
2020-10-07,85509.4865103089,6.112153458287268e-06,6.110683948644607e-06,5.516590641934158e-05,7.441337794587243e-06,520251.513428413,1.9451298933830184e-05,6.127805987762885e-05,520251.5134896911
2020-10-08,85509.4865052907,5.019399048064029e-06,5.018192263032892e-06,4.530313253316464e-05,6.110946673256131e-06,520251.5134443867,1.597372055943307e-05,5.032253158122867e-05,520251.5134947093
2020-10-09,85509.48650116968,4.122011493283719e-06,4.121020461942991e-06,3.720366346742216e-05,5.0184080167233004e-06,520251.51345750457,1.3117877082465788e-05,4.132567496070588e-05,520251.51349883026
2020-10-10,85509.48649778543,3.385062352704168e-06,3.384248501775487e-06,3.055224877384663e-05,4.121197642355038e-06,520251.5134682772,1.0772612335930567e-05,3.3937311126550796e-05,520251.5135022145
2020-10-11,85509.48649500623,2.7798678267603724e-06,2.779199479245117e-06,2.5089999697238927e-05,3.3843940051889124e-06,520251.5134771238,8.846643081796617e-06,2.78698675239993e-05,520251.5135049937
2020-10-12,85509.48649272391,2.2828723163978642e-06,2.2823234586336136e-06,2.060431261424642e-05,2.7793189689961218e-06,520251.5134843888,7.26500605198863e-06,2.2887184930644284e-05,520251.513507276
2020-10-13,85509.48649084962,1.8747315835715716e-06,1.87428085271898e-06,1.6920593998680457e-05,2.2824215855452726e-06,520251.513490355,5.966140201111236e-06,1.8795325582252028e-05,520251.5135091503
2020-10-14,85509.48648931044,1.53955982785319e-06,1.5391896804038675e-06,1.3895464829500552e-05,1.8743614361222492e-06,520251.5134952545,4.8994906053021536e-06,1.5435024657353742e-05,520251.51351068955
2020-10-15,85509.48648804643,1.2643113735917992e-06,1.2640074025335673e-06,1.1411179940991079e-05,1.539255856794958e-06,520251.51349927805,4.023540745304431e-06,1.2675491314582878e-05,520251.5135119535
2020-10-16,85509.48648700841,1.0382729014328998e-06,1.03802327549488e-06,9.371045103072379e-06,1.2640617476537794e-06,520251.51350258227,3.3041965855724806e-06,1.0409318004505278e-05,520251.5135129916
2020-10-17,85509.48648615598,8.526464606483431e-07,8.524414637999762e-07,7.695653453698795e-06,1.0380679045845329e-06,520251.51350529573,2.713459553958117e-06,8.548299914347138e-06,520251.51351384405
2020-10-18,85509.48648545594,7.002070321330287e-07,7.000386854132377e-07,6.319794796412418e-06,8.524781139285521e-07,520251.5135075241,2.228336771214929e-06,7.020001828545447e-06,520251.5135145441
2020-10-19,85509.48648488105,5.750213136121123e-07,5.748830645693091e-07,5.189917465620662e-06,7.000687830902256e-07,520251.51350935403,1.8299461138819815e-06,5.764938779232775e-06,520251.513515119
2020-10-20,85509.48648440895,4.7221678151538874e-07,4.7210324917059617e-07,4.262043969405348e-06,5.749077812673197e-07,520251.51351085684,1.5027812774826332e-06,4.734260750920737e-06,520251.5135155911
2020-10-21,85509.48648402125,3.8779204086203437e-07,3.8769880626848675e-07,3.500059281763163e-06,4.721235469218411e-07,520251.51351209095,1.2341082345640267e-06,3.8878513226251975e-06,520251.5135159788
2020-10-22,85509.48648370287,3.1846108152569407e-07,3.183845157730015e-07,2.874305160572485e-06,3.877154751093418e-07,520251.5135131044,1.0134695963000199e-06,3.192766242098179e-06,520251.51351629716
2020-10-23,85509.4864834414,2.61525378966232e-07,2.614625019346248e-07,2.360425778824941e-06,3.183982044940869e-07,520251.51351393666,8.322775862416304e-07,2.621951157791173e-06,520251.5135165586
2020-10-24,85509.48648322669,2.1476886128681497e-07,2.1471722565384985e-07,1.938419738365293e-06,2.6147374333326686e-07,520251.51351462014,6.834797837929152e-07,2.153188599652108e-06,520251.5135167733
2020-10-25,85509.48648305036,1.7637165448633657e-07,1.7632925047133206e-07,1.5918615682774699e-06,2.1472645727181047e-07,520251.51351518143,5.612846273596335e-07,1.7682332227638063e-06,520251.51351694966
2020-10-26,85509.48648290556,1.4483924866886805e-07,1.4480442580749793e-07,1.30726240679692e-06,1.7633683162496645e-07,520251.5135156424,4.6093599310551634e-07,1.4521016554657879e-06,520251.5135170945
2020-10-27,85509.48648278664,1.1894432819185816e-07,1.1891573109618518e-07,1.0735449829807003e-06,1.4481065157319507e-07,520251.5135160209,3.7852807538941455e-07,1.1924893111725585e-06,520251.5135172134
2020-10-28,85509.48648268898,9.767900164518252e-08,9.765551724876151e-08,8.816124631830281e-07,1.1892084379543715e-07,520251.51351633173,3.1085336359310944e-07,9.792914648282107e-07,520251.513517311
2020-10-29,85509.48648260879,8.021557233910357e-08,8.019628657380887e-08,7.239943808237177e-07,9.765971587988782e-08,520251.51351658703,2.552777982391982e-07,8.042099531628213e-07,520251.5135173912
2020-10-30,85509.48648254292,6.587432239595971e-08,6.585848461429675e-08,5.945558682005936e-07,8.01997345574406e-08,520251.5135167967,2.0963824718056478e-07,6.604301905965533e-07,520251.5135174571
2020-10-31,85509.48648248884,5.409705652641222e-08,5.408405028454571e-08,4.882588729618808e-07,6.58613161540932e-08,520251.5135169689,1.7215831139280596e-07,5.42355929488293e-07,520251.51351751125
2020-11-01,85509.48648244442,4.4425375751590485e-08,4.4414694815895704e-08,4.0096606522022183e-07,5.408637559071744e-08,520251.51351711026,1.4137918333237643e-07,4.453914409718123e-07,520251.51351755566
2020-11-02,85509.48648240796,3.648283543313413e-08,3.647406407638965e-08,3.292798029104681e-07,4.441660439484601e-08,520251.5135172264,1.1610286670459975e-07,3.6576263834360225e-07,520251.51351759216
2020-11-03,85509.48648237801,2.996029315955807e-08,2.995308997986132e-08,2.704098875429771e-07,3.6475632253437383e-08,520251.5135173217,9.534554762092843e-08,3.0037018070253516e-07,520251.5135176221
2020-11-04,85509.48648235342,2.4603876194103278e-08,2.4597960826702873e-08,2.220649630942709e-07,2.995437779215766e-08,520251.5135174,7.829930224086385e-08,2.4666883928837416e-07,520251.5135176467
2020-11-05,85509.48648233322,2.0205100148749653e-08,2.0200242353587667e-08,1.8236333102361301e-07,2.459901839894129e-08,520251.51351746434,6.430065046959918e-08,2.0256843117236267e-07,520251.5135176669
2020-11-06,85509.48648231663,1.6592754279866296e-08,1.6588764980091915e-08,1.4975971012549496e-07,2.0201110848975272e-08,520251.51351751713,5.280473174709333e-08,1.6635246440536127e-07,520251.5135176835
2020-11-07,85509.48648230301,1.3626237562057386e-08,1.36229614847097e-08,1.2298509053866544e-07,1.658947820251861e-08,520251.5135175605,4.336409778934813e-08,1.366113281007228e-07,520251.5135176971
2020-11-08,85509.48648229182,1.1190086164472573e-08,1.1187395796890539e-08,1.0099734088780446e-07,1.3623547194475351e-08,520251.5135175961,3.561129684533632e-08,1.1218742705227703e-07,520251.5135177083
2020-11-09,85509.48648228263,9.189479326046256e-09,9.187269952775023e-09,8.294064607124271e-08,1.118787679120134e-08,520251.51351762534,2.924457160776309e-08,9.213012539728897e-08,520251.5135177175
2020-11-10,85509.4864822751,7.546548707725005e-09,7.544734334743323e-09,6.811219691770826e-08,9.187664953064574e-09,520251.5135176494,2.401611410659903e-08,7.565874562543326e-08,520251.51351772505
2020-11-11,85509.4864822689,6.197347572962973e-09,6.195857580592956e-09,5.593483519493758e-08,7.545058715354988e-09,520251.5135176691,1.9722420438125666e-08,6.213218276790055e-08,520251.5135177312
2020-11-12,85509.4864822638,5.089361829838167e-09,5.088138224060786e-09,4.593458924933567e-08,6.196123967185592e-09,520251.5135176853,1.6196369912787503e-08,5.102395107917383e-08,520251.51351773634
2020-11-13,85509.48648225963,4.1794660586755036e-09,4.1784612138665175e-09,3.7722225910770755e-08,5.088356985029181e-09,520251.5135176986,1.3300720323594094e-08,4.190169196944626e-08,520251.51351774053
2020-11-14,85509.4864822562,3.4322449689485022e-09,3.4314197741767783e-09,3.097810061910577e-08,4.17864086390378e-09,520251.51351770957,1.092276615556876e-08,3.4410345588054274e-08,520251.51351774397
2020-11-15,85509.48648225337,2.8186149526012824e-09,2.8179372893390645e-09,2.5439716103641463e-08,3.4315673056862843e-09,520251.51351771853,8.969951821150593e-09,2.8258331056242746e-08,520251.51351774676
2020-11-16,85509.48648225106,2.314692081393432e-09,2.3141355733874485e-09,2.0891505369916818e-08,2.818058444595299e-09,520251.5135177259,7.366269178319944e-09,2.320619745131025e-08,520251.51351774915
2020-11-17,85509.48648224915,1.900862488053143e-09,1.9004054746985897e-09,1.7156441323603726e-08,2.3142350680388787e-09,520251.513517732,6.0492991143519694e-09,1.9057303811656868e-08,520251.513517751
2020-11-18,85509.4864822476,1.5610189482794678e-09,1.5606436415381554e-09,1.4089146458258726e-08,1.9004871813118305e-09,520251.5135177369,4.9677820466568315e-09,1.5650165406538195e-08,520251.5135177526
2020-11-19,85509.48648224631,1.2819339495637484e-09,1.2816257416116805e-09,1.1570234419719854e-08,1.5607107403273998e-09,520251.513517741,4.079622778866272e-09,1.2852168369283603e-08,520251.51351775386
2020-11-20,85509.48648224527,1.052744845189351e-09,1.0524917398457439e-09,9.50166320748253e-09,1.2816808442201414e-09,520251.5135177444,3.3502520564574648e-09,1.0554408052671881e-08,520251.5135177549
2020-11-21,85509.4864822444,8.645310543884919e-10,8.643232001961109e-10,7.802919148686792e-09,1.05253699099697e-09,520251.5135177471,2.7512810497927093e-09,8.667450203075284e-09,520251.5135177558
2020-11-22,85509.4864822437,7.099668522885476e-10,7.097961590717446e-10,6.407883115978657e-09,8.643603611716889e-10,520251.5135177494,2.2593963938798238e-09,7.117849968267205e-09,520251.5135177565
2020-11-23,85509.48648224311,5.830362354132437e-10,5.828960593892299e-10,5.262257015049904e-09,7.098266762645338e-10,520251.51351775124,1.855452777193287e-09,5.845293250463147e-09,520251.51351775706
2020-11-24,85509.48648224263,4.787987646311848e-10,4.786836498183273e-10,4.3214503746784835e-09,5.829211206003862e-10,520251.51351775276,1.5237277609718063e-09,4.800249139309668e-09,520251.5135177575
2020-11-25,85509.48648224224,3.9319727160673375e-10,3.9310273746487575e-10,3.548844780366869e-09,4.787042304893268e-10,520251.513517754,1.2513098248009413e-09,3.942042051973603e-09,520251.51351775794
2020-11-26,85509.48648224192,3.2289994423454707e-10,3.2282231127181194e-10,2.9143685992400598e-09,3.931196386439986e-10,520251.513517755,1.0275958197708081e-09,3.237268543474607e-09,520251.5135177583
2020-11-27,85509.48648224166,2.6517064465024136e-10,2.651068912085262e-10,2.3933265211330053e-09,3.228361907928319e-10,520251.51351775584,8.438782688998863e-10,2.6584971657832465e-09,520251.5135177585
2020-11-28,85509.48648224144,2.177624122881515e-10,2.1771005693306353e-10,1.9654383588445973e-09,2.651182892951534e-10,520251.51351775654,6.930064515835613e-10,2.183200771132749e-09,520251.51351775875
2020-11-29,85509.48648224126,1.7883000687388388e-10,1.7878701181145836e-10,1.6140496953959362e-09,2.1771941722572597e-10,520251.5135177571,5.691080806743871e-10,1.79287970226982e-09,520251.5135177589
2020-11-30,85509.48648224112,1.4685808731855885e-10,1.468227790795092e-10,1.3254836548215032e-09,1.7879469863483423e-10,520251.5135177576,4.673607392092674e-10,1.472341742140062e-09,520251.51351775904
2020-12-01,85509.486482241,1.2060223106782825e-10,1.2057323537217256e-10,1.0885085658827805e-09,1.4682909162290316e-10,520251.513517758,3.838041805616259e-10,1.2091107969506088e-09,520251.5135177592
2020-12-02,85509.4864822409,9.904049823955294e-11,9.901668650639415e-11,8.939007989198824e-10,1.2057841933466945e-10,520251.5135177583,3.151861862975676e-10,9.929412971594354e-10,520251.5135177593
2020-12-03,85509.48648224081,8.133365531208263e-11,8.131410073257682e-11,7.340857604198707e-10,9.902094366004713e-11,520251.5135177585,2.588359821600588e-10,8.154194157319533e-10,520251.51351775933
2020-12-04,85509.48648224074,6.679251017522474e-11,6.677645163899392e-11,6.02843071963199e-10,8.131759677585181e-11,520251.51351775875,2.1256028523252354e-10,6.696355821384237e-10,520251.51351775945
2020-12-05,85509.48648224068,5.485108714700489e-11,5.4837899617925066e-11,4.950644584171795e-10,6.677932264614492e-11,520251.5135177589,1.7455793619216444e-10,5.499155455641844e-10,520251.51351775945
2020-12-06,85509.48648224064,4.5044597864571895e-11,4.503376805289221e-11,4.0655492181364385e-10,5.4840257335325205e-11,520251.51351775904,1.4334979393886088e-10,4.5159951967821573e-10,520251.5135177595
2020-12-07,85509.4864822406,3.6991350624338314e-11,3.6982457008232716e-11,3.3386946212893866e-10,4.50357042484663e-11,520251.51351775916,1.177211639331715e-10,3.7086081275327696e-10,520251.5135177595
2020-12-08,85509.48648224057,3.0377894040185586e-11,3.037059045912866e-11,2.7417898975371827e-10,3.6984047043281387e-11,520251.5135177593,9.667451941850176e-11,3.045568837939039e-10,520251.51351775957
2020-12-09,85509.48648224054,2.4946816775854064e-11,2.4940818957236563e-11,2.2516021064944747e-10,3.0371896221568085e-11,520251.51351775933,7.939067532583888e-11,2.5010702742530153e-10,520251.51351775957
2020-12-10,85509.48648224052,2.048672848831333e-11,2.0481802982881397e-11,1.849051982620635e-10,2.494189127042213e-11,520251.5135177594,6.51969036578061e-11,2.0539192675037683e-10,520251.5135177596
2020-12-11,85509.4864822405,1.6824032016786245e-11,1.6819987112245584e-11,1.5184713251829118e-10,2.048268358377267e-11,520251.51351775945,5.354074932754498e-11,1.6867116453507742e-10,520251.5135177596
2020-12-12,85509.48648224049,1.3816166571608232e-11,1.3812844830729216e-11,1.24699315491111e-10,1.682071027590723e-11,520251.5135177595,4.396852730308742e-11,1.3851548206271923e-10,520251.5135177596
2020-12-13,85509.48648224048,1.1346058931887854e-11,1.1343331064677044e-11,1.0240509008017339e-10,1.3813438704397421e-11,520251.51351775957,3.6107664115335034e-11,1.1375114901206124e-10,520251.5135177597
2020-12-14,85509.48648224046,9.317566679487949e-12,9.315326510916458e-12,8.409671242402258e-11,1.1343818763316363e-11,520251.5135177596,2.965219641946717e-11,9.341427910351052e-11,520251.51351775974
2020-12-15,85509.48648224045,7.651736109241126e-12,7.649896446661946e-12,6.906157726136322e-11,9.315727016908769e-12,520251.5135177596,2.4350862179568137e-11,7.671331337060435e-11,520251.5135177597
2020-12-16,85509.48648224045,6.2837291644348185e-12,6.282218403839252e-12,5.671448165273119e-11,7.65022534864556e-12,520251.5135177596,1.999732095727758e-11,6.299821081716602e-11,520251.5135177597
2020-12-17,85509.48648224045,5.160299786643418e-12,5.159059125664091e-12,4.657484750116597e-11,6.2824885034554914e-12,520251.5135177596,1.6422122655020714e-11,5.1735147287809394e-11,520251.5135177597
2020-12-18,85509.48648224045,4.2377214534877516e-12,4.2367026026717185e-12,3.8248016318639907e-11,5.159280935827385e-12,520251.5135177596,1.348611211835345e-11,4.248573777212766e-11,520251.5135177597
2020-12-19,85509.48648224045,3.480085239201101e-12,3.479248542470383e-12,3.1409888186414817e-11,4.2368847567570336e-12,520251.5135177596,1.1075012888982126e-11,3.4889973425615915e-11,520251.5135177597
2020-12-20,85509.48648224045,2.857902154502799e-12,2.857215045646255e-12,2.5794307021414795e-11,3.479398130344557e-12,520251.5135177596,9.094979295344579e-12,2.8652209175917594e-11,520251.5135177596
2020-12-21,85509.48648224045,2.3469553655492427e-12,2.3463911006687807e-12,2.1182701153415104e-11,2.857337889622337e-12,520251.5135177596,7.468943757622029e-12,2.3529656518964347e-11,520251.5135177596
2020-12-22,85509.48648224045,1.9273576176153813e-12,1.926894234190338e-12,1.739557599986582e-11,2.3464919821241996e-12,520251.5135177596,6.133617135673485e-12,1.93229336174812e-11,520251.5135177596
2020-12-23,85509.48648224045,1.5827771762121724e-12,1.5823966382661836e-12,1.4285527713179352e-11,1.9269770796693924e-12,520251.5135177596,5.0370253663558606e-12,1.5868304889391525e-11,520251.5135177596
2020-12-24,85509.48648224045,1.2998021574417057e-12,1.2994896535399446e-12,1.1731505875148339e-11,1.5824646723104113e-12,520251.5135177596,4.136486510341426e-12,1.3031308032590045e-11,520251.5135177596
2020-12-25,85509.48648224045,1.0674185058274022e-12,1.0671618725805861e-12,9.634101929022108e-12,1.2995455241948896e-12,520251.5135177596,3.3969494703211204e-12,1.070152043484951e-11,520251.5135177596
2020-12-26,85509.48648224045,8.765813012846183e-13,8.763705499211943e-13,7.911679963900107e-12,1.0672077544639783e-12,520251.5135177596,2.7896297195859796e-12,8.788261265184725e-12,520251.5135177596
2020-12-27,85509.48648224045,7.198627094873332e-13,7.196896370669197e-13,6.497199252440539e-12,8.764082288642048e-13,520251.5135177596,2.2908889403237724e-12,7.217061961927872e-12,520251.5135177596
2020-12-28,85509.48648224045,5.91162873028464e-13,5.910207431640535e-13,5.335604867553878e-12,7.197205796229226e-13,520251.5135177596,1.8813149645095834e-12,5.926767740582342e-12,520251.5135177596
2020-12-29,85509.48648224045,4.854724905755342e-13,4.85355771237415e-13,4.381684814725508e-12,5.910461536903448e-13,520251.5135177596,1.5449662065187142e-12,4.867157305301042e-12,520251.5135177596
2020-12-30,85509.48648224045,3.986778430421902e-13,3.98581991238296e-13,3.5983102745008963e-12,4.8537663877164e-13,520251.5135177596,1.268751178996252e-12,3.996988117543087e-12,520251.5135177596
2020-12-31,85509.48648224045,3.2740067793407394e-13,3.273219628860123e-13,2.9549904612182465e-12,3.985991279941286e-13,520251.5135177596,1.0419189412767785e-12,3.2823911391523203e-12,520251.5135177596
2021-01-01,85509.48648224045,2.688667197899626e-13,2.688020777223164e-13,2.426685849680373e-12,3.2733603586642773e-13,520251.5135177596,8.55640647404301e-13,2.6955525694703356e-12,520251.5135177596
2021-01-02,85509.48648224045,2.2079768883426245e-13,2.207446037252207e-13,1.9928335777473852e-12,2.6881363468092084e-13,520251.5135177596,7.026659066139085e-13,2.2136312665816477e-12,520251.5135177596
2021-01-03,85509.48648224045,1.8132262495200717e-13,1.8127903060385916e-13,1.6365470912192975e-12,2.2075409448611444e-13,520251.5135177596,5.770405810142021e-13,1.8178697161713047e-12,520251.5135177596
2021-01-04,85509.48648224045,1.4890506550621287e-13,1.4886926512405758e-13,1.3439588792987749e-12,1.8128682456985188e-13,520251.5135177596,4.738750364903746e-13,1.4928639448049877e-12,520251.5135177596
2021-01-05,85509.48648224045,1.2228324258640236e-13,1.222538427348869e-13,1.1036807183472513e-12,1.488756656546974e-13,520251.5135177596,3.89153826606221e-13,1.2259639609336536e-12,520251.5135177596
2021-01-06,85509.48648224045,1.0042097202409159e-13,1.0039682839161914e-13,9.06360415347728e-13,1.222590989539299e-13,520251.5135177596,3.195794019534532e-13,1.0067813873718196e-12,520251.5135177596
2021-01-07,85509.48648224045,8.246732265983227e-14,8.244749551925442e-14,7.443177984838553e-13,1.0040114488351374e-13,520251.5135177596,2.6244376174738645e-13,8.267851211436876e-13,520251.5135177596
2021-01-08,85509.48648224045,6.772349609451417e-14,6.770721372673285e-14,6.112457867296706e-13,8.245104029205094e-14,520251.5135177596,2.1552305204623566e-13,6.789692828241848e-13,520251.5135177596
2021-01-09,85509.48648224045,5.5615627806692834e-14,5.560225646353189e-14,5.019649033730288e-13,6.771012475135323e-14,520251.5135177596,1.7699100810799504e-13,5.575805311797216e-13,520251.5135177596
2021-01-10,85509.48648224045,4.5672450991246676e-14,4.566147022847748e-14,4.1222167855977347e-13,5.560464704392364e-14,520251.5135177596,1.4534787185717893e-13,4.578941295510201e-13,520251.5135177596
2021-01-11,85509.48648224045,3.7506953743257067e-14,3.749793616368095e-14,3.385230942099519e-13,4.566343341167056e-14,520251.5135177596,1.1936201776149217e-13,3.760300479532089e-13,520251.5135177596
2021-01-12,85509.48648224045,3.0801315641423296e-14,3.0793910259564057e-14,2.780006275115463e-13,3.749954836139783e-14,520251.5135177596,9.802201505980341e-14,3.088019431529696e-13,520251.5135177596
2021-01-13,85509.48648224045,2.5294537427293656e-14,2.5288456008214597e-14,2.28298601243677e-13,3.079523422234424e-14,520251.5135177596,8.049726049021353e-14,2.5359313867097066e-13,520251.5135177596
2021-01-14,85509.48648224045,2.0772282298237384e-14,2.0767288138757407e-14,1.8748249526039186e-13,2.528954326781368e-14,520251.5135177596,6.610564925109882e-14,2.0825477755862925e-13,520251.5135177596
2021-01-15,85509.48648224045,1.7058533413308302e-14,1.7054432128955557e-14,1.5396365040163104e-13,2.076818101388464e-14,520251.5135177596,5.428702587264546e-14,1.7102218381493934e-13,520251.5135177596
2021-01-16,85509.48648224045,1.4008742902442057e-14,1.4005374861551591e-14,1.2643743412990309e-13,1.7055165372417836e-14,520251.5135177596,4.4581381644145794e-14,1.4044617703234514e-13,520251.5135177596
2021-01-17,85509.48648224045,1.1504205722258591e-14,1.1501439832731261e-14,1.0383246115333874e-13,1.4005977012914728e-14,520251.5135177596,3.6610949989479076e-14,1.1533666687559733e-13,520251.5135177596
2021-01-18,85509.48648224045,9.44743937566133e-15,9.44516798254997e-15,8.526889258194614e-14,1.150193432914723e-14,520251.5135177596,3.006550290053982e-14,9.471633195760748e-14,520251.5135177596
2021-01-19,85509.48648224045,7.758389663017356e-15,7.756524358342183e-15,7.002419052182581e-14,9.445574070986157e-15,520251.5135177596,2.469027613110648e-14,7.778258018484317e-14,520251.5135177596
2021-01-20,85509.48648224045,6.371314783800981e-15,6.369782965502415e-15,5.750499519534218e-14,7.75685784471879e-15,520251.5135177596,2.027605317120243e-14,6.387630997914316e-14,520251.5135177596
2021-01-21,85509.48648224045,5.232226510584088e-15,5.230968556679262e-15,4.722402997840616e-14,6.370056829896155e-15,520251.5135177596,1.6651022046832175e-14,5.245625648899025e-14,520251.5135177596
2021-01-22,85509.48648224045,4.296788839826701e-15,4.295755787781202e-15,3.8781135444422036e-14,5.2311934585385885e-15,520251.5135177596,1.3674087992522709e-14,4.3077924284248735e-14,520251.5135177596
2021-01-23,85509.48648224045,3.5285923299980168e-15,3.5277439709885047e-15,3.184769421513414e-14,4.295940480817189e-15,520251.5135177596,1.1229381710105082e-14,3.537628654513216e-14,520251.5135177596
2021-01-24,85509.48648224045,2.8977369601953722e-15,2.8970402740872952e-15,2.6153840396815252e-14,3.5278956438899398e-15,520251.5135177596,9.22174946220883e-15,2.905157735701063e-14,520251.5135177596
2021-01-25,85509.48648224045,2.3796683507746103e-15,2.379096220900647e-15,2.1477955762870737e-14,2.897164830321409e-15,520251.5135177596,7.573049464265926e-15,2.3857624113645347e-14,520251.5135177596
2021-01-26,85509.48648224045,1.954222048952488e-15,1.9537522066678687e-15,1.7638043849499248e-14,2.3791985084899912e-15,520251.5135177596,6.219110421861479e-15,1.9592265898451735e-14,520251.5135177596
2021-01-27,85509.48648224045,1.6048386807215946e-15,1.6044528386558993e-15,1.4484646223858162e-14,1.9538362068867925e-15,520251.5135177596,5.107233832527878e-15,1.6089484904579756e-14,520251.5135177596
2021-01-28,85509.48648224045,1.3179194209382529e-15,1.3176025612077994e-15,1.1895025209175051e-14,1.6045218209911412e-15,520251.5135177596,4.194142835674252e-15,1.3212944630113304e-14,520251.5135177596
2021-01-29,85509.48648224045,1.0822966949582997e-15,1.0820364846346738e-15,9.768386644739326e-15,1.317659210614627e-15,520251.5135177596,3.4442977750503526e-15,1.0850683339697626e-14,520251.5135177596
2021-01-30,85509.48648224045,8.88799510279422e-16,8.885858213628009e-16,8.021956739319875e-15,1.0820830060416785e-15,520251.5135177596,2.8285129114611283e-15,8.910756249599298e-15,520251.5135177596
2021-01-31,85509.48648224045,7.298964998718558e-16,7.297210150853551e-16,6.5877603198861535e-15,8.886240254929214e-16,520251.5135177596,2.322820444926643e-15,7.317656819758009e-15,520251.5135177596
2021-02-01,85509.48648224045,5.994027836015566e-16,5.992586726631884e-16,5.409975077470434e-15,7.297523889334876e-16,520251.5135177596,1.9075376313492064e-15,6.009377861071991e-15,520251.5135177596
2021-02-02,85509.48648224045,4.922392381007063e-16,4.921208918726856e-16,4.44275883117694e-15,5.99284437373536e-16,520251.5135177596,1.5665006836670302e-15,4.934998069277647e-15,520251.5135177596
2021-02-03,85509.48648224045,4.0423480530085176e-16,4.041376174687183e-16,3.6484652423259816e-15,4.921420502685728e-16,520251.5135177596,1.286435639119531e-15,4.052700047626833e-15,520251.5135177596
2021-02-04,85509.48648224045,3.3196414501028997e-16,3.3188433279427957e-16,2.9961785301171663e-15,4.0415499308484137e-16,520251.5135177596,1.0564417052936566e-15,3.3281426751274562e-15,520251.5135177596
2021-02-05,85509.48648224045,2.7261431259091195e-16,2.7254876951124184e-16,2.460510156487598e-15,3.3189860193061986e-16,520251.5135177596,8.67566975560188e-16,2.73312446907851e-15,520251.5135177596
2021-02-06,85509.48648224045,2.2387527251508377e-16,2.238214474804289e-16,2.0206106443002506e-15,2.7256048755625707e-16,520251.5135177596,7.124599997436048e-16,2.2444859168153345e-15,520251.5135177596
2021-02-07,85509.48648224045,1.8384998633183966e-16,1.8380578434483844e-16,1.659358066494554e-15,2.2383107052808256e-16,520251.5135177596,5.850836483337791e-16,1.8432080528263937e-15,520251.5135177596
2021-02-08,85509.48648224045,1.5098057545386245e-16,1.509442760688758e-16,1.3626916202819901e-15,1.83813686946853e-16,520251.5135177596,4.804801331594168e-16,1.5136721957358526e-15,520251.5135177596
2021-02-09,85509.48648224045,1.2398768484668488e-16,1.239578752059922e-16,1.1190643475217951e-15,1.5095076581316978e-16,520251.5135177596,3.945780385733647e-16,1.24305203236848e-15,520251.5135177596
2021-02-10,85509.48648224045,1.0182068751180911e-16,1.0179620735385179e-16,9.189936998623606e-16,1.2396320468872755e-16,520251.5135177596,3.2403385234816203e-16,1.0208143873741697e-15,520251.5135177596
2021-02-11,85509.48648224045,8.36167916047243e-17,8.359668810398797e-17,7.546924555830887e-16,1.0180058401107278e-16,520251.5135177596,2.6610182829034465e-16,8.38309247187813e-16,520251.5135177596
2021-02-12,85509.48648224045,6.866745854035793e-17,6.865094922115498e-17,6.197656225492476e-16,8.360028228552136e-17,520251.5135177596,2.1852711531936242e-16,6.884330810896055e-16,520251.5135177596
2021-02-13,85509.48648224045,5.639082499938167e-17,5.637726728005112e-17,5.089615300276015e-16,6.865390082102738e-17,520251.5135177596,1.7945799334267352e-16,5.653523550269832e-16,520251.5135177596
2021-02-14,85509.48648224045,4.6309055434779947e-17,4.629792161689283e-17,4.1796742126892195e-16,5.637969118149455e-17,520251.5135177596,1.4737379994017404e-16,4.642764767037019e-16,520251.5135177596
2021-02-15,85509.48648224045,3.8029743584794816e-17,3.80206003138861e-17,3.432415908383459e-16,4.629991216387123e-17,520251.5135177596,1.210257425944473e-16,3.812713344231407e-16,520251.5135177596
2021-02-16,85509.48648224045,3.123063909524362e-17,3.122313049363384e-17,2.8187553308236416e-16,3.802223498318504e-17,520251.5135177596,9.938829273916676e-17,3.131061721776078e-16,520251.5135177596
2021-02-17,85509.48648224045,2.5647104775308756e-17,2.5640938590504962e-17,2.3148073622548495e-16,3.1224472910439825e-17,520251.5135177596,8.161926976731903e-17,2.571278410007937e-16,520251.5135177596
2021-02-18,85509.48648224045,2.1061816293597513e-17,2.105675252313657e-17,1.9009571585567684e-16,2.5642041004847812e-17,520251.5135177596,6.702706137465591e-17,2.1115753214927435e-16,520251.5135177596
2021-02-19,85509.48648224045,1.7296303402336345e-17,1.729214495232276e-17,1.5610966932246945e-16,2.1057657843583927e-17,520251.5135177596,5.5043704376791314e-17,1.734059727248058e-16,520251.5135177596
2021-02-20,85509.48648224045,1.420400345418514e-17,1.4200588467931542e-17,1.2819977949672973e-16,1.7292888416082747e-17,520251.5135177596,4.520277824182247e-17,1.4240378295091486e-16,520251.5135177596
2021-02-21,85509.48648224045,1.1664556838153688e-17,1.1661752396336627e-17,1.052797276064984e-16,1.420119901236808e-17,520251.5135177596,3.7121250902599403e-17,1.1694428444465208e-16,520251.5135177596
2021-02-22,85509.48648224045,9.57912229952521e-18,9.576819246651426e-18,8.645741114696099e-17,1.1662253785279903e-17,520251.5135177596,3.0484570244817313e-17,9.60365334464862e-17,520251.5135177596
2021-02-23,85509.48648224045,7.86652980498359e-18,7.864638500800641e-18,7.100022114583498e-17,9.57723099534226e-18,520251.5135177596,2.503442099646827e-17,7.886675095081857e-17,520251.5135177596
2021-02-24,85509.48648224045,6.4601212133769684e-18,6.458568043863077e-18,5.830652729340563e-17,7.864976635469699e-18,520251.5135177596,2.0558670487899057e-17,6.47666485067826e-17,520251.5135177596
2021-02-25,85509.48648224045,5.305155783568556e-18,5.303880295701173e-18,4.7882261071183796e-17,6.4588457255095854e-18,520251.5135177596,1.6883111947731413e-17,5.3187416854752354e-17,520251.5135177596
2021-02-26,85509.48648224045,4.3566795356179574e-18,4.355632084399472e-18,3.932168543929567e-17,5.30410833235007e-18,520251.5135177596,1.3864683964238199e-17,4.3678364974913626e-17,520251.5135177596
2021-02-27,85509.48648224045,3.577775535802422e-18,3.5769153519597024e-18,3.2291602593458944e-17,4.355819351775238e-18,520251.5135177596,1.1385902197611963e-17,3.5869378129261364e-17,520251.5135177596
2021-02-28,85509.48648224045,2.938127002442164e-18,2.937420605590246e-18,2.651838512018172e-17,3.577069138950504e-18,520251.5135177596,9.350286612227731e-18,2.9456512122623883e-17,520251.5135177596
2021-03-01,85509.48648224045,2.4128373052178243e-18,2.4122572007243227e-18,2.1777325772141202e-17,2.9375468979486625e-18,520251.5135177596,7.678606245989177e-18,2.4190163077359026e-17,520251.5135177596
2021-03-02,85509.48648224045,1.9814609295689946e-18,1.980984538398129e-18,1.7883891331868388e-17,2.4123609140469585e-18,520251.5135177596,6.3057953543197746e-18,1.9865352261437383e-17,520251.5135177596
2021-03-03,85509.48648224045,1.6272076890215265e-18,1.6268164689047701e-18,1.4686540143474667e-17,1.981069709452238e-18,520251.5135177596,5.1784208978459585e-18,1.6313747832496194e-17,520251.5135177596
2021-03-04,85509.48648224045,1.3362892115095729e-18,1.3359679352368055e-18,1.2060823753806527e-17,1.6268864127487591e-18,520251.5135177596,4.252602802416899e-18,1.33971129653161e-17,520251.5135177596
2021-03-05,85509.48648224045,1.0973822633978798e-18,1.0971184261384386e-18,9.904543084983444e-18,1.3360253742501317e-18,520251.5135177596,3.492306043073215e-18,1.1001925348381323e-17,520251.5135177596
2021-03-06,85509.48648224045,9.011880225088734e-19,9.009713550940349e-19,8.133770605124044e-18,1.0971655959830413e-18,520251.5135177596,2.8679380758424413e-18,9.034958627632918e-18,520251.5135177596
2021-03-07,85509.48648224045,7.400701460207533e-19,7.398922152434543e-19,6.6795836707585524e-18,9.010100917315745e-19,520251.5135177596,2.3551970260970656e-18,7.419653816779306e-18,520251.5135177596
2021-03-08,85509.48648224045,6.077575459851233e-19,6.076114263596421e-19,5.485381894905785e-18,7.399240263952721e-19,520251.5135177596,1.9341258022480394e-18,6.0931394408909085e-18,520251.5135177596
2021-03-09,85509.48648224045,4.991003037859352e-19,4.989803079916443e-19,4.504684126449926e-18,6.076375501908325e-19,520251.5135177596,1.5883353186466916e-18,5.003784430235861e-18,520251.5135177596
2021-03-10,85509.48648224045,4.098692231545081e-19,4.097706806719355e-19,3.699319294055909e-18,4.990017613033626e-19,520251.5135177596,1.3043665936973796e-18,4.109188517210417e-18,520251.5135177596
2021-03-11,85509.48648224045,3.3659121987097077e-19,3.365102951941606e-19,3.037940697999445e-18,4.0978829847769793e-19,520251.5135177596,1.0711668945341617e-18,3.374531917870416e-18,520251.5135177596
2021-03-12,85509.48648224045,2.76414141130865e-19,2.7634768448043492e-19,2.4948059226438522e-18,3.365247632205407e-19,520251.5135177596,8.796595385761337e-19,2.771220063774717e-18,520251.5135177596
2021-03-13,85509.48648224045,2.269957530276719e-19,2.2694117775396724e-19,2.0487748808781978e-18,2.763595658571603e-19,520251.5135177596,7.223906076228146e-19,2.2757706339058696e-18,520251.5135177596
2021-03-14,85509.48648224045,1.8641257528211983e-19,1.863677571867047e-19,1.6824869920419407e-18,2.269509349322568e-19,520251.5135177596,5.932388237685138e-19,1.8688995673240605e-18,520251.5135177596
2021-03-15,85509.48648224045,1.530850148508101e-19,1.530482095076522e-19,1.381685467159254e-18,1.8637576993896192e-19,520251.5135177596,4.871772948216486e-19,1.5347704820100641e-18,520251.5135177596
2021-03-16,85509.48648224045,1.257158844375483e-19,1.2568565929584105e-19,1.1346624010698427e-18,1.5305478970910285e-19,520251.5135177596,4.0007785579851405e-19,1.260378285507391e-18,520251.5135177596
2021-03-17,85509.48648224045,1.0323991290275768e-19,1.0321509152866251e-19,9.318030731325535e-19,1.2569106306345314e-19,520251.5135177596,3.2855039100074234e-19,1.0350429860353112e-18,520251.5135177596
2021-03-18,85509.48648224045,8.478228239696942e-20,8.476189868403467e-20,7.652117196098281e-19,1.0321952918982293e-19,520251.5135177596,2.6981088271254833e-19,8.499940020067976e-19,520251.5135177596
2021-03-19,85509.48648224045,6.962457838578307e-20,6.960783895180117e-20,6.284042119111288e-19,8.476554296298752e-20,520251.5135177596,2.2157305066168683e-19,6.980287902969119e-19,520251.5135177596
2021-03-20,85509.48648224045,5.717682726091991e-20,5.716308056761966e-20,5.160556790073697e-19,6.961083169248282e-20,520251.5135177596,1.8195936459624185e-19,5.732325062682896e-19,520251.5135177596
2021-03-21,85509.48648224045,4.695453317520732e-20,4.6943244168846924e-20,4.2379325088518093e-19,5.716553825455951e-20,520251.5135177596,1.4942796637674824e-19,4.707477840603883e-19,520251.5135177596
2021-03-22,85509.48648224045,3.855982032092512e-20,3.8550549606737963e-20,3.4802585612717396e-19,4.6945262461020164e-20,520251.5135177596,1.2271265721902714e-19,3.865856764480991e-19,520251.5135177596
2021-03-23,85509.48648224045,3.166594666448764e-20,3.1658333404401125e-20,2.8580444893840036e-19,3.855220706083861e-20,520251.5135177596,1.0077361424961221e-19,3.17470395602888e-19,520251.5135177596
2021-03-24,85509.48648224045,2.6004586375471943e-20,2.5998334243438238e-20,2.3470722532504614e-19,3.165969453245393e-20,520251.5135177596,8.275691814580818e-20,2.6071181170051807e-19,520251.5135177596
2021-03-25,85509.48648224045,2.1355385952120016e-20,2.1350251600406993e-20,1.9274536076817691e-19,2.599945202375892e-20,520251.5135177596,6.796131658062815e-20,2.1410074672029692e-19,520251.5135177596
2021-03-26,85509.48648224045,1.7537387543074437e-20,1.7533171130597715e-20,1.582856004803625e-19,2.1351169539643294e-20,520251.5135177596,5.581092982745771e-20,1.7582298802343694e-19,520251.5135177596
2021-03-27,85509.48648224045,1.4401985640791007e-20,1.4398523054827378e-20,1.2998668927530167e-19,1.7533924957110808e-20,520251.5135177596,4.583283616217164e-20,1.4438867491609268e-19,520251.5135177596
2021-03-28,85509.48648224045,1.1827143004515518e-20,1.182429947304849e-20,1.0674716675096464e-19,1.439914210932398e-20,520251.5135177596,3.7638664633661e-20,1.1857430975548017e-19,520251.5135177596
2021-03-29,85509.48648224045,9.712640682898053e-21,9.710305528972949e-21,8.766249585159154e-20,1.1824807850590413e-20,520251.5135177596,3.090947874996351e-20,9.73751365344896e-20,520251.5135177596
2021-03-30,85509.48648224045,7.976177255916308e-21,7.974259589832019e-21,7.198985615101453e-20,9.710723016813764e-21,520251.5135177596,2.5383362717390784e-20,7.996603340693084e-20,520251.5135177596
2021-03-31,85509.48648224045,6.550165469398781e-21,6.548590651066123e-21,5.911923152881203e-20,7.97460243758365e-21,520251.5135177596,2.0845227059786157e-20,6.56693969982108e-20,520251.5135177596
2021-04-01,85509.48648224045,5.379101579604407e-21,5.377808313377719e-21,4.8549666903425623e-20,6.5488722031720926e-21,520251.5135177596,1.7118436828558495e-20,5.392876848303003e-20,520251.5135177596
2021-04-02,85509.48648224045,4.417405016542039e-21,4.4163429654480135e-21,3.986976987826462e-20,5.378039528510381e-21,520251.5135177596,1.405793655367139e-20,4.428717489480666e-20,520251.5135177596
2021-04-03,85509.48648224045,3.627644280628337e-21,3.626772107132234e-21,3.274169837885367e-20,4.416532843045937e-21,520251.5135177596,1.1544604342456884e-20,3.636934265948201e-20,520251.5135177596
2021-04-04,85509.48648224045,2.9790800203955543e-21,2.978363777446809e-21,2.688801104207653e-20,3.626928037679591e-21,520251.5135177596,9.480615374456735e-21,2.9867091062472086e-20,520251.5135177596
2021-04-05,85509.48648224045,2.446468584395703e-21,2.4458803941286056e-21,2.2080868543635432e-20,2.978491830128457e-21,520251.5135177596,7.785634328569553e-21,2.4527337128031135e-20,520251.5135177596
2021-04-06,85509.48648224045,2.0090794787178682e-21,2.0085964473792502e-21,1.8133165553909068e-20,2.445985553057085e-21,520251.5135177596,6.39368854278345e-21,2.0142245032626936e-20,520251.5135177596
2021-04-07,85509.48648224045,1.6498884872467237e-21,1.6494918141170604e-21,1.4891248157004706e-20,2.008682805588205e-21,520251.5135177596,5.250600202492566e-21,1.654113664425143e-20,520251.5135177596
